trial_id,hand,modality,channel,band,measure,time,value
0,left,V,C3,mu,percent,-4.25,51.1518327812921
0,left,V,C3,mu,percent,-4.248,53.357079672392274
0,left,V,C3,mu,percent,-4.246,55.62283061113149
0,left,V,C3,mu,percent,-4.244,57.94889318273866
0,left,V,C3,mu,percent,-4.242,60.334992760126376
0,left,V,C3,mu,percent,-4.24,62.78077434238513
0,left,V,C3,mu,percent,-4.238,65.28580480250605
0,left,V,C3,mu,percent,-4.236,67.8495755344112
0,left,V,C3,mu,percent,-4.234,70.47150542221287
0,left,V,C3,mu,percent,-4.232,73.15094398806762
0,left,V,C3,mu,percent,-4.23,75.88717462576325
0,left,V,C3,mu,percent,-4.228,78.67941782705654
0,left,V,C3,mu,percent,-4.226,81.52683436574294
0,left,V,C3,mu,percent,-4.224,84.42852845851273
0,left,V,C3,mu,percent,-4.222,87.38355102962959
0,left,V,C3,mu,percent,-4.22,90.39090310676607
0,left,V,C3,mu,percent,-4.218,93.44953940949048
0,left,V,C3,mu,percent,-4.216,96.55837212261508
0,left,V,C3,mu,percent,-4.214,99.71627477307335
0,left,V,C3,mu,percent,-4.212,102.92208610505871
0,left,V,C3,mu,percent,-4.21,106.1746138712262
0,left,V,C3,mu,percent,-4.208,109.47263845054918
0,left,V,C3,mu,percent,-4.206,112.81491622709241
0,left,V,C3,mu,percent,-4.204,116.20018273929962
0,left,V,C3,mu,percent,-4.202,119.62715561610885
0,left,V,C3,mu,percent,-4.2,123.09453731610563
0,left,V,C3,mu,percent,-4.198,126.60101769346312
0,left,V,C3,mu,percent,-4.196,130.1452764195191
0,left,V,C3,mu,percent,-4.194,133.72598527102454
0,left,V,C3,mu,percent,-4.192,137.34181033866363
0,left,V,C3,mu,percent,-4.19,140.99141416706092
0,left,V,C3,mu,percent,-4.188,144.67345782075063
0,left,V,C3,mu,percent,-4.186,148.38660282334777
0,left,V,C3,mu,percent,-4.184,152.12951288752626
0,left,V,C3,mu,percent,-4.182,155.90085528392677
0,left,V,C3,mu,percent,-4.18,159.69930172892552
0,left,V,C3,mu,percent,-4.178,163.5235286852453
0,left,V,C3,mu,percent,-4.176,167.37221705043436
0,left,V,C3,mu,percent,-4.174,171.244051345548
0,left,V,C3,mu,percent,-4.172,175.1377186062721
0,left,V,C3,mu,percent,-4.17,179.05190715749092
0,left,V,C3,mu,percent,-4.168,182.98530547530117
0,left,V,C3,mu,percent,-4.166,186.9366012473694
0,left,V,C3,mu,percent,-4.164,190.9044805956662
0,left,V,C3,mu,percent,-4.162,194.88762731183388
0,left,V,C3,mu,percent,-4.16,198.8847219180385
0,left,V,C3,mu,percent,-4.158,202.8944403288723
0,left,V,C3,mu,percent,-4.156,206.91545201619002
0,left,V,C3,mu,percent,-4.154,210.94641771574052
0,left,V,C3,mu,percent,-4.152,214.98598679701854
0,left,V,C3,mu,percent,-4.15,219.03279447881272
0,left,V,C3,mu,percent,-4.148,223.08545910124695
0,left,V,C3,mu,percent,-4.146,227.1425795980038
0,left,V,C3,mu,percent,-4.144,231.2027331804237
0,left,V,C3,mu,percent,-4.142,235.2644731877723
0,left,V,C3,mu,percent,-4.14,239.32632698360425
0,left,V,C3,mu,percent,-4.138,243.38679380953377
0,left,V,C3,mu,percent,-4.136,247.4443425597345
0,left,V,C3,mu,percent,-4.134,251.49740955218977
0,left,V,C3,mu,percent,-4.132,255.54439639179168
0,left,V,C3,mu,percent,-4.13,259.583668086765
0,left,V,C3,mu,percent,-4.128,263.61355148392585
0,left,V,C3,mu,percent,-4.126,267.63233403860755
0,left,V,C3,mu,percent,-4.124,271.63826283150075
0,left,V,C3,mu,percent,-4.122,275.6295437794346
0,left,V,C3,mu,percent,-4.12,279.60434087722325
0,left,V,C3,mu,percent,-4.118,283.56077547159106
0,left,V,C3,mu,percent,-4.116,287.4969256020933
0,left,V,C3,mu,percent,-4.114,291.41082552266255
0,left,V,C3,mu,percent,-4.112,295.30046555519135
0,left,V,C3,mu,percent,-4.11,299.16379243048465
0,left,V,C3,mu,percent,-4.108,302.99871012591655
0,left,V,C3,mu,percent,-4.106,306.80308116613975
0,left,V,C3,mu,percent,-4.104,310.5747282591818
0,left,V,C3,mu,percent,-4.102,314.311436147352
0,left,V,C3,mu,percent,-4.1,318.0109535427668
0,left,V,C3,mu,percent,-4.098,321.67099513352946
0,left,V,C3,mu,percent,-4.096,325.2892437001255
0,left,V,C3,mu,percent,-4.094,328.86335246311404
0,left,V,C3,mu,percent,-4.092,332.39094781945664
0,left,V,C3,mu,percent,-4.09,335.8696325457652
0,left,V,C3,mu,percent,-4.088,339.29698945478225
0,left,V,C3,mu,percent,-4.086,342.6705854144072
0,left,V,C3,mu,percent,-4.084,345.98797558314146
0,left,V,C3,mu,percent,-4.082,349.2467076414651
0,left,V,C3,mu,percent,-4.08,352.44432592681244
0,left,V,C3,mu,percent,-4.078,355.5783753991021
0,left,V,C3,mu,percent,-4.076,358.6464055303348
0,left,V,C3,mu,percent,-4.074,361.64597425641034
0,left,V,C3,mu,percent,-4.072,364.5746521849601
0,left,V,C3,mu,percent,-4.07,367.4300271233267
0,left,V,C3,mu,percent,-4.068,370.2097090005542
0,left,V,C3,mu,percent,-4.066,372.9113350668549
0,left,V,C3,mu,percent,-4.064,375.5325752679795
0,left,V,C3,mu,percent,-4.062,378.0711375557382
0,left,V,C3,mu,percent,-4.06,380.524773060476
0,left,V,C3,mu,percent,-4.058,382.8912810236647
0,left,V,C3,mu,percent,-4.056,385.16851357511365
0,left,V,C3,mu,percent,-4.054,387.354380450227
0,left,V,C3,mu,percent,-4.052,389.44685374025215
0,left,V,C3,mu,percent,-4.05,391.4439727014635
0,left,V,C3,mu,percent,-4.048,393.34384862915186
0,left,V,C3,mu,percent,-4.046,395.144669673941
0,left,V,C3,mu,percent,-4.044,396.844705457088
0,left,V,C3,mu,percent,-4.042,398.44231136354017
0,left,V,C3,mu,percent,-4.04,399.93593247440145
0,left,V,C3,mu,percent,-4.038,401.3241072264985
0,left,V,C3,mu,percent,-4.036,402.60547098896126
0,left,V,C3,mu,percent,-4.034,403.77874616200455
0,left,V,C3,mu,percent,-4.032,404.8427922804296
0,left,V,C3,mu,percent,-4.03,405.7965582500866
0,left,V,C3,mu,percent,-4.028,406.6391054049831
0,left,V,C3,mu,percent,-4.026,407.3696116169459
0,left,V,C3,mu,percent,-4.024,407.98737493784625
0,left,V,C3,mu,percent,-4.022,408.4918164681324
0,left,V,C3,mu,percent,-4.02,408.88248229893105
0,left,V,C3,mu,percent,-4.018,409.15904472019537
0,left,V,C3,mu,percent,-4.016,409.3213030379477
0,left,V,C3,mu,percent,-4.014,409.3691844331575
0,left,V,C3,mu,percent,-4.012,409.3027452670293
0,left,V,C3,mu,percent,-4.01,409.12217303914116
0,left,V,C3,mu,percent,-4.008,408.82778873770195
0,left,V,C3,mu,percent,-4.006,408.4200492338186
0,left,V,C3,mu,percent,-4.004,407.89954918491856
0,left,V,C3,mu,percent,-4.002,407.2670675961523
0,left,V,C3,mu,percent,-4.0,406.52342340365425
0,left,V,C3,mu,percent,-3.998,405.6696254192143
0,left,V,C3,mu,percent,-3.996,404.70681884125287
0,left,V,C3,mu,percent,-3.994,403.63628336942844
0,left,V,C3,mu,percent,-3.992,402.45943141599247
0,left,V,C3,mu,percent,-3.99,401.1778066201642
0,left,V,C3,mu,percent,-3.988,399.79308273357987
0,left,V,C3,mu,percent,-3.986,398.307062656639
0,left,V,C3,mu,percent,-3.984,396.72167724836095
0,left,V,C3,mu,percent,-3.982,395.03898352263593
0,left,V,C3,mu,percent,-3.98,393.2611620133762
0,left,V,C3,mu,percent,-3.978,391.390513251751
0,left,V,C3,mu,percent,-3.976,389.4294536229754
0,left,V,C3,mu,percent,-3.974,387.3805109085112
0,left,V,C3,mu,percent,-3.972,385.2463197459719
0,left,V,C3,mu,percent,-3.97,383.0296171382353
0,left,V,C3,mu,percent,-3.968,380.7332379938592
0,left,V,C3,mu,percent,-3.966,378.36011046759836
0,left,V,C3,mu,percent,-3.964,375.9131998006462
0,left,V,C3,mu,percent,-3.962,373.39566107032357
0,left,V,C3,mu,percent,-3.96,370.8106711462647
0,left,V,C3,mu,percent,-3.958,368.1614763433598
0,left,V,C3,mu,percent,-3.956,365.4513855945276
0,left,V,C3,mu,percent,-3.954,362.6837638135282
0,left,V,C3,mu,percent,-3.952,359.86202539582797
0,left,V,C3,mu,percent,-3.95,356.98962767222804
0,left,V,C3,mu,percent,-3.948,354.07006399816873
0,left,V,C3,mu,percent,-3.946,351.10685620234005
0,left,V,C3,mu,percent,-3.944,348.10354634592613
0,left,V,C3,mu,percent,-3.942,345.06368800651035
0,left,V,C3,mu,percent,-3.94,341.9908374467756
0,left,V,C3,mu,percent,-3.938,338.8885450960783
0,left,V,C3,mu,percent,-3.936,335.76034755290704
0,left,V,C3,mu,percent,-3.934,332.60976007383164
0,left,V,C3,mu,percent,-3.932,329.4402692445959
0,left,V,C3,mu,percent,-3.93,326.2553254261394
0,left,V,C3,mu,percent,-3.928,323.0583345303819
0,left,V,C3,mu,percent,-3.926,319.85264898460696
0,left,V,C3,mu,percent,-3.924,316.64155800508206
0,left,V,C3,mu,percent,-3.922,313.4282776666423
0,left,V,C3,mu,percent,-3.92,310.2159413374971
0,left,V,C3,mu,percent,-3.918,307.0076187140327
0,left,V,C3,mu,percent,-3.916,303.8062232294641
0,left,V,C3,mu,percent,-3.914,300.6145909454307
0,left,V,C3,mu,percent,-3.912,297.4354462811315
0,left,V,C3,mu,percent,-3.91,294.2713960545122
0,left,V,C3,mu,percent,-3.908,291.12492304021526
0,left,V,C3,mu,percent,-3.906,287.99837888952544
0,left,V,C3,mu,percent,-3.904,284.8939766350493
0,left,V,C3,mu,percent,-3.902,281.8137832671685
0,left,V,C3,mu,percent,-3.9,278.75971293281356
0,left,V,C3,mu,percent,-3.898,275.73352113062776
0,left,V,C3,mu,percent,-3.896,272.73680010372675
0,left,V,C3,mu,percent,-3.894,269.77097530866814
0,left,V,C3,mu,percent,-3.892,266.83730266879314
0,left,V,C3,mu,percent,-3.89,263.93686624417774
0,left,V,C3,mu,percent,-3.888,261.0705762028839
0,left,V,C3,mu,percent,-3.886,258.2391670521623
0,left,V,C3,mu,percent,-3.884,255.44319628955492
0,left,V,C3,mu,percent,-3.882,252.68304364696382
0,left,V,C3,mu,percent,-3.88,249.95891106394495
0,left,V,C3,mu,percent,-3.878,247.27082345808873
0,left,V,C3,mu,percent,-3.876,244.61863018569758
0,left,V,C3,mu,percent,-3.874,242.00200706145117
0,left,V,C3,mu,percent,-3.872,239.4204588269116
0,left,V,C3,mu,percent,-3.87,236.87332212936911
0,left,V,C3,mu,percent,-3.868,234.35976912697345
0,left,V,C3,mu,percent,-3.866,231.87880664776006
0,left,V,C3,mu,percent,-3.864,229.429297911504
0,left,V,C3,mu,percent,-3.862,227.0099527283708
0,left,V,C3,mu,percent,-3.86,224.61934007224787
0,left,V,C3,mu,percent,-3.858,222.25589595975137
0,left,V,C3,mu,percent,-3.856,219.91793161164614
0,left,V,C3,mu,percent,-3.854,217.60364171535863
0,left,V,C3,mu,percent,-3.852,215.3111127944038
0,left,V,C3,mu,percent,-3.85,213.03833185418014
0,left,V,C3,mu,percent,-3.848,210.78319549229292
0,left,V,C3,mu,percent,-3.846,208.5435197025828
0,left,V,C3,mu,percent,-3.844,206.31705043469634
0,left,V,C3,mu,percent,-3.842,204.10147476426093
0,left,V,C3,mu,percent,-3.84,201.8944324182547
0,left,V,C3,mu,percent,-3.838,199.69352735787285
0,left,V,C3,mu,percent,-3.836,197.4963391160255
0,left,V,C3,mu,percent,-3.834,195.30043388159785
0,left,V,C3,mu,percent,-3.832,193.1033754477115
0,left,V,C3,mu,percent,-3.83,190.90273622535878
0,left,V,C3,mu,percent,-3.828,188.69610852869184
0,left,V,C3,mu,percent,-3.826,186.48111624575913
0,left,V,C3,mu,percent,-3.824,184.25542681167994
0,left,V,C3,mu,percent,-3.822,182.01676321892293
0,left,V,C3,mu,percent,-3.82,179.76291575776793
0,left,V,C3,mu,percent,-3.818,177.49175316761796
0,left,V,C3,mu,percent,-3.816,175.20123308131184
0,left,V,C3,mu,percent,-3.814,172.88941176436398
0,left,V,C3,mu,percent,-3.812,170.55445327340155
0,left,V,C3,mu,percent,-3.81,168.19463820130508
0,left,V,C3,mu,percent,-3.808,165.8083722057828
0,left,V,C3,mu,percent,-3.806,163.3941942896901
0,left,V,C3,mu,percent,-3.804,160.950784846033
0,left,V,C3,mu,percent,-3.802,158.4769643762483
0,left,V,C3,mu,percent,-3.8,155.9717273397808
0,left,V,C3,mu,percent,-3.798,153.43422179531782
0,left,V,C3,mu,percent,-3.796,150.86376363834552
0,left,V,C3,mu,percent,-3.794,148.2598411978461
0,left,V,C3,mu,percent,-3.792,145.62211891864936
0,left,V,C3,mu,percent,-3.79,142.95044014364953
0,left,V,C3,mu,percent,-3.788,140.24482900248606
0,left,V,C3,mu,percent,-3.786,137.50549135904078
0,left,V,C3,mu,percent,-3.784,134.73281487540808
0,left,V,C3,mu,percent,-3.782,131.92736829834544
0,left,V,C3,mu,percent,-3.78,129.0899000589672
0,left,V,C3,mu,percent,-3.778,126.2213363751835
0,left,V,C3,mu,percent,-3.776,123.3227789058182
0,left,V,C3,mu,percent,-3.774,120.3955019074941
0,left,V,C3,mu,percent,-3.772,117.44094875501713
0,left,V,C3,mu,percent,-3.77,114.46072765419453
0,left,V,C3,mu,percent,-3.768,111.4566063459191
0,left,V,C3,mu,percent,-3.766,108.43050577095913
0,left,V,C3,mu,percent,-3.764,105.38449271889706
0,left,V,C3,mu,percent,-3.762,102.32077167321546
0,left,V,C3,mu,percent,-3.76,99.2416761414106
0,left,V,C3,mu,percent,-3.758,96.1496597508999
0,left,V,C3,mu,percent,-3.756,93.04728720496519
0,left,V,C3,mu,percent,-3.754,89.93722520766063
0,left,V,C3,mu,percent,-3.752,86.82223331066615
0,left,V,C3,mu,percent,-3.75,83.70515450967726
0,left,V,C3,mu,percent,-3.748,80.58890545299701
0,left,V,C3,mu,percent,-3.746,77.47646625237665
0,left,V,C3,mu,percent,-3.744,74.37086988037323
0,left,V,C3,mu,percent,-3.742,71.27519123420086
0,left,V,C3,mu,percent,-3.74,68.19253601541891
0,left,V,C3,mu,percent,-3.738,65.12602951360326
0,left,V,C3,mu,percent,-3.736,62.07880538130224
0,left,V,C3,mu,percent,-3.734,59.05399454533125
0,left,V,C3,mu,percent,-3.732,56.05471432555417
0,left,V,C3,mu,percent,-3.73,53.08405783470499
0,left,V,C3,mu,percent,-3.728,50.1450837694571
0,left,V,C3,mu,percent,-3.726,47.24080665027189
0,left,V,C3,mu,percent,-3.724,44.37418754717925
0,left,V,C3,mu,percent,-3.722,41.54812526288066
0,left,V,C3,mu,percent,-3.72,38.765447857645384
0,left,V,C3,mu,percent,-3.718,36.028904427719084
0,left,V,C3,mu,percent,-3.716,33.34115712362396
0,left,V,C3,mu,percent,-3.714,30.704773386232954
0,left,V,C3,mu,percent,-3.712,28.122218495593998
0,left,V,C3,mu,percent,-3.71,25.59584862357938
0,left,V,C3,mu,percent,-3.708,23.12790457663058
0,left,V,C3,mu,percent,-3.706,20.720506320143752
0,left,V,C3,mu,percent,-3.704,18.375648350739183
0,left,V,C3,mu,percent,-3.702,16.095195833027393
0,left,V,C3,mu,percent,-3.7,13.880881322565546
0,left,V,C3,mu,percent,-3.698,11.734301949907119
0,left,V,C3,mu,percent,-3.696,9.656916937524873
0,left,V,C3,mu,percent,-3.694,7.65004538178286
0,left,V,C3,mu,percent,-3.692,5.714864347262413
0,left,V,C3,mu,percent,-3.69,3.852407409896959
0,left,V,C3,mu,percent,-3.688,2.063563753752622
0,left,V,C3,mu,percent,-3.686,0.34907792111370106
0,left,V,C3,mu,percent,-3.684,-1.2904497520514302
0,left,V,C3,mu,percent,-3.682,-2.854562067100018
0,left,V,C3,mu,percent,-3.68,-4.342943318852907
0,left,V,C3,mu,percent,-3.678,-5.755417193826046
0,left,V,C3,mu,percent,-3.676,-7.091944358600749
0,left,V,C3,mu,percent,-3.674,-8.352619797143547
0,left,V,C3,mu,percent,-3.672,-9.537669921725561
0,left,V,C3,mu,percent,-3.67,-10.647449507742643
0,left,V,C3,mu,percent,-3.668,-11.682438436795273
0,left,V,C3,mu,percent,-3.666,-12.643238183820339
0,left,V,C3,mu,percent,-3.664,-13.53056802259613
0,left,V,C3,mu,percent,-3.662,-14.345260931469918
0,left,V,C3,mu,percent,-3.66,-15.088259161040991
0,left,V,C3,mu,percent,-3.658,-15.760609533818787
0,left,V,C3,mu,percent,-3.656,-16.363458563771715
0,left,V,C3,mu,percent,-3.654,-16.8980474632067
0,left,V,C3,mu,percent,-3.652,-17.365707131463086
0,left,V,C3,mu,percent,-3.65,-17.76785321290436
0,left,V,C3,mu,percent,-3.648,-18.105981226467286
0,left,V,C3,mu,percent,-3.646,-18.381661727620255
0,left,V,C3,mu,percent,-3.644,-18.596535435226933
0,left,V,C3,mu,percent,-3.642,-18.75230826571715
0,left,V,C3,mu,percent,-3.64,-18.85074627368793
0,left,V,C3,mu,percent,-3.638,-18.89367055643236
0,left,V,C3,mu,percent,-3.636,-18.88295218446826
0,left,V,C3,mu,percent,-3.634,-18.82050730796176
0,left,V,C3,mu,percent,-3.632,-18.70829254974291
0,left,V,C3,mu,percent,-3.63,-18.54830067498864
0,left,V,C3,mu,percent,-3.628,-18.342556484913487
0,left,V,C3,mu,percent,-3.626,-18.093112847847987
0,left,V,C3,mu,percent,-3.624,-17.802046720250793
0,left,V,C3,mu,percent,-3.622,-17.471455065399773
0,left,V,C3,mu,percent,-3.62,-17.10345070247657
0,left,V,C3,mu,percent,-3.618,-16.70015815131753
0,left,V,C3,mu,percent,-3.616,-16.263709577367873
0,left,V,C3,mu,percent,-3.614,-15.796241014097912
0,left,V,C3,mu,percent,-3.612,-15.29988895936884
0,left,V,C3,mu,percent,-3.61,-14.776787275389934
0,left,V,C3,mu,percent,-3.608,-14.229064319341955
0,left,V,C3,mu,percent,-3.606,-13.65884014728158
0,left,V,C3,mu,percent,-3.604,-13.068223649815115
0,left,V,C3,mu,percent,-3.602,-12.459309534851263
0,left,V,C3,mu,percent,-3.6,-11.834175169988457
0,left,V,C3,mu,percent,-3.598,-11.194877374194014
0,left,V,C3,mu,percent,-3.596,-10.543449318882834
0,left,V,C3,mu,percent,-3.594,-9.881897635265014
0,left,V,C3,mu,percent,-3.592,-9.212199770971205
0,left,V,C3,mu,percent,-3.59,-8.53630157588928
0,left,V,C3,mu,percent,-3.588,-7.856115033774555
0,left,V,C3,mu,percent,-3.586,-7.173515985514835
0,left,V,C3,mu,percent,-3.584,-6.490341766751627
0,left,V,C3,mu,percent,-3.582,-5.808388714059151
0,left,V,C3,mu,percent,-3.58,-5.1294095212088555
0,left,V,C3,mu,percent,-3.578,-4.455110553806781
0,left,V,C3,mu,percent,-3.576,-3.787149198094623
0,left,V,C3,mu,percent,-3.574,-3.1271312571470053
0,left,V,C3,mu,percent,-3.572,-2.4766083785460395
0,left,V,C3,mu,percent,-3.57,-1.8370755028962018
0,left,V,C3,mu,percent,-3.568,-1.209968236342735
0,left,V,C3,mu,percent,-3.566,-0.5966600902935535
0,left,V,C3,mu,percent,-3.564,0.0015404093972278855
0,left,V,C3,mu,percent,-3.562,0.5833926756835238
0,left,V,C3,mu,percent,-3.56,1.1477269990488044
0,left,V,C3,mu,percent,-3.558,1.6934473564782917
0,left,V,C3,mu,percent,-3.556,2.2195340871287565
0,left,V,C3,mu,percent,-3.554,2.7250464443985885
0,left,V,C3,mu,percent,-3.552,3.209125090054783
0,left,V,C3,mu,percent,-3.55,3.6709946258405175
0,left,V,C3,mu,percent,-3.548,4.109966251699615
0,left,V,C3,mu,percent,-3.546,4.525440539943261
0,left,V,C3,mu,percent,-3.544,4.916910282256822
0,left,V,C3,mu,percent,-3.542,5.283963260432111
0,left,V,C3,mu,percent,-3.54,5.626284782313328
0,left,V,C3,mu,percent,-3.538,5.943659900251691
0,left,V,C3,mu,percent,-3.536,6.235975306539415
0,left,V,C3,mu,percent,-3.534,6.503220940887795
0,left,V,C3,mu,percent,-3.532,6.745491419635497
0,left,V,C3,mu,percent,-3.53,6.962987471079637
0,left,V,C3,mu,percent,-3.528,7.156017437575987
0,left,V,C3,mu,percent,-3.526,7.324998824527525
0,left,V,C3,mu,percent,-3.524,7.470459773542437
0,left,V,C3,mu,percent,-3.522,7.593040276832491
0,left,V,C3,mu,percent,-3.52,7.693492928388188
0,left,V,C3,mu,percent,-3.518,7.772683101516148
0,left,V,C3,mu,percent,-3.516,7.831588484130417
0,left,V,C3,mu,percent,-3.514,7.871298062715178
0,left,V,C3,mu,percent,-3.512,7.893010723202335
0,left,V,C3,mu,percent,-3.51,7.898033644501862
0,left,V,C3,mu,percent,-3.508,7.8877805686131905
0,left,V,C3,mu,percent,-3.506,7.863770010617216
0,left,V,C3,mu,percent,-3.504,7.827623273130858
0,left,V,C3,mu,percent,-3.502,7.781062124755172
0,left,V,C3,mu,percent,-3.5,7.725905977250765
0,left,V,C3,mu,percent,-3.498,7.664068386989796
0,left,V,C3,mu,percent,-3.496,7.59755279939057
0,left,V,C3,mu,percent,-3.494,7.5284476423931554
0,left,V,C3,mu,percent,-3.492,7.458920883848187
0,left,V,C3,mu,percent,-3.49,7.391214169098624
0,left,V,C3,mu,percent,-3.488,7.327636677852408
0,left,V,C3,mu,percent,-3.486,7.27055878053131
0,left,V,C3,mu,percent,-3.484,7.222405455734201
0,left,V,C3,mu,percent,-3.482,7.185649424413414
0,left,V,C3,mu,percent,-3.48,7.16280390983573
0,left,V,C3,mu,percent,-3.478,7.156414954364349
0,left,V,C3,mu,percent,-3.476,7.16905331529012
0,left,V,C3,mu,percent,-3.474,7.2033059826288435
0,left,V,C3,mu,percent,-3.472,7.261767385821291
0,left,V,C3,mu,percent,-3.47,7.347030346384513
0,left,V,C3,mu,percent,-3.468,7.4616768499487485
0,left,V,C3,mu,percent,-3.466,7.608268616982709
0,left,V,C3,mu,percent,-3.464,7.7893374779537625
0,left,V,C3,mu,percent,-3.462,8.00737551771218
0,left,V,C3,mu,percent,-3.46,8.26482499886912
0,left,V,C3,mu,percent,-3.458,8.56406814666222
0,left,V,C3,mu,percent,-3.456,8.907416944338868
0,left,V,C3,mu,percent,-3.454,9.297103026669555
0,left,V,C3,mu,percent,-3.452,9.735267824631567
0,left,V,C3,mu,percent,-3.45,10.223953041685842
0,left,V,C3,mu,percent,-3.448,10.765091442611912
0,left,V,C3,mu,percent,-3.446,11.360497874735357
0,left,V,C3,mu,percent,-3.444,12.01186044233234
0,left,V,C3,mu,percent,-3.442,12.72073174892366
0,left,V,C3,mu,percent,-3.44,13.488520202661054
0,left,V,C3,mu,percent,-3.438,14.316481474158882
0,left,V,C3,mu,percent,-3.436,15.205710256831471
0,left,V,C3,mu,percent,-3.434,16.157132519449597
0,left,V,C3,mu,percent,-3.432,17.171498446191535
0,left,V,C3,mu,percent,-3.43,18.24937620217024
0,left,V,C3,mu,percent,-3.428,19.39114652689789
0,left,V,C3,mu,percent,-3.426,20.5969981235076
0,left,V,C3,mu,percent,-3.424,21.866923737818666
0,left,V,C3,mu,percent,-3.422,23.200716817201656
0,left,V,C3,mu,percent,-3.42,24.59796868259436
0,left,V,C3,mu,percent,-3.418,26.05806620568836
0,left,V,C3,mu,percent,-3.416,27.580190052988677
0,left,V,C3,mu,percent,-3.414,29.163313638961775
0,left,V,C3,mu,percent,-3.412,30.80620292252485
0,left,V,C3,mu,percent,-3.41,32.5074171249857
0,left,V,C3,mu,percent,-3.408,34.26531041669875
0,left,V,C3,mu,percent,-3.406,36.0780345736692
0,left,V,C3,mu,percent,-3.404,37.943542524443785
0,left,V,C3,mu,percent,-3.402,39.85959271824634
0,left,V,C3,mu,percent,-3.4,41.82375424921303
0,left,V,C3,mu,percent,-3.398,43.83341270279806
0,left,V,C3,mu,percent,-3.396,45.88577675803372
0,left,V,C3,mu,percent,-3.394,47.977885581389295
0,left,V,C3,mu,percent,-3.392,50.106617069690685
0,left,V,C3,mu,percent,-3.39,52.26869695740811
0,left,V,C3,mu,percent,-3.388,54.4607087798129
0,left,V,C3,mu,percent,-3.386,56.67910461621653
0,left,V,C3,mu,percent,-3.384,58.92021652342592
0,left,V,C3,mu,percent,-3.382,61.18026855798639
0,left,V,C3,mu,percent,-3.38,63.45538929137948
0,left,V,C3,mu,percent,-3.378,65.74162477868839
0,left,V,C3,mu,percent,-3.376,68.03495197024057
0,left,V,C3,mu,percent,-3.374,70.33129255008495
0,left,V,C3,mu,percent,-3.372,72.62652722077988
0,left,V,C3,mu,percent,-3.37,74.91651042978532
0,left,V,C3,mu,percent,-3.368,77.19708549601565
0,left,V,C3,mu,percent,-3.366,79.46410005240732
0,left,V,C3,mu,percent,-3.364,81.71342169948252
0,left,V,C3,mu,percent,-3.362,83.94095377430847
0,left,V,C3,mu,percent,-3.36,86.14265116708225
0,left,V,C3,mu,percent,-3.358,88.31453614476573
0,left,V,C3,mu,percent,-3.356,90.45271410870544
0,left,V,C3,mu,percent,-3.354,92.55338927168978
0,left,V,C3,mu,percent,-3.352,94.61288018521651
0,left,V,C3,mu,percent,-3.35,96.62763499654946
0,left,V,C3,mu,percent,-3.348,98.594246308661
0,left,V,C3,mu,percent,-3.346,100.50946552040284
0,left,V,C3,mu,percent,-3.344,102.37021653492847
0,left,V,C3,mu,percent,-3.342,104.17360883238788
0,left,V,C3,mu,percent,-3.34,105.91694994727415
0,left,V,C3,mu,percent,-3.338,107.59775739204221
0,left,V,C3,mu,percent,-3.336,109.21377004761452
0,left,V,C3,mu,percent,-3.334,110.76295906611479
0,left,V,C3,mu,percent,-3.332,112.24353818441418
0,left,V,C3,mu,percent,-3.33,113.6539732269151
0,left,V,C3,mu,percent,-3.328,114.99299053494417
0,left,V,C3,mu,percent,-3.326,116.25958409604567
0,left,V,C3,mu,percent,-3.324,117.45302120786417
0,left,V,C3,mu,percent,-3.322,118.57284665362693
0,left,V,C3,mu,percent,-3.32,119.61888547862932
0,left,V,C3,mu,percent,-3.318,120.59124455204491
0,left,V,C3,mu,percent,-3.316,121.49031314568941
0,left,V,C3,mu,percent,-3.314,122.31676267147752
0,left,V,C3,mu,percent,-3.312,123.0715455734212
0,left,V,C3,mu,percent,-3.31,123.75589327025637
0,left,V,C3,mu,percent,-3.308,124.37131294402757
0,left,V,C3,mu,percent,-3.306,124.91958292854639
0,left,V,C3,mu,percent,-3.304,125.40274656798876
0,left,V,C3,mu,percent,-3.302,125.82310447265517
0,left,V,C3,mu,percent,-3.3,126.18320522395781
0,left,V,C3,mu,percent,-3.298,126.48583471442727
0,left,V,C3,mu,percent,-3.296,126.7340043355891
0,left,V,C3,mu,percent,-3.294,126.93093809331366
0,left,V,C3,mu,percent,-3.292,127.08005872552673
0,left,V,C3,mu,percent,-3.29,127.18497282586495
0,left,V,C3,mu,percent,-3.288,127.24945493369762
0,left,V,C3,mu,percent,-3.286,127.27743054460693
0,left,V,C3,mu,percent,-3.284,127.27295812107172
0,left,V,C3,mu,percent,-3.282,127.240210246896
0,left,V,C3,mu,percent,-3.28,127.18345412195247
0,left,V,C3,mu,percent,-3.278,127.10703160185278
0,left,V,C3,mu,percent,-3.276,127.01533893775347
0,left,V,C3,mu,percent,-3.274,126.91280625224958
0,left,V,C3,mu,percent,-3.272,126.80387674394996
0,left,V,C3,mu,percent,-3.27,126.69298552348809
0,left,V,C3,mu,percent,-3.268,126.5845380457331
0,left,V,C3,mu,percent,-3.266,126.48288819564243
0,left,V,C3,mu,percent,-3.264,126.39231615303801
0,left,V,C3,mu,percent,-3.262,126.31700631797904
0,left,V,C3,mu,percent,-3.26,126.26102563981141
0,left,V,C3,mu,percent,-3.258,126.22830260950319
0,left,V,C3,mu,percent,-3.256,126.22260707906672
0,left,V,C3,mu,percent,-3.254,126.24753105498358
0,left,V,C3,mu,percent,-3.252,126.30647042771612
0,left,V,C3,mu,percent,-3.25,126.40260753753888
0,left,V,C3,mu,percent,-3.248,126.53889454737462
0,left,V,C3,mu,percent,-3.246,126.71803763709076
0,left,V,C3,mu,percent,-3.244,126.94248206081747
0,left,V,C3,mu,percent,-3.242,127.21439823827208
0,left,V,C3,mu,percent,-3.24,127.53566902888268
0,left,V,C3,mu,percent,-3.238,127.9078783425056
0,left,V,C3,mu,percent,-3.236,128.33230119398084
0,left,V,C3,mu,percent,-3.234,128.80989530002188
0,left,V,C3,mu,percent,-3.232,129.34129426773697
0,left,V,C3,mu,percent,-3.23,129.92680245879524
0,left,V,C3,mu,percent,-3.228,130.5663916261228
0,left,V,C3,mu,percent,-3.226,131.25969938690358
0,left,V,C3,mu,percent,-3.224,132.0060295883884
0,left,V,C3,mu,percent,-3.222,132.80435449892144
0,left,V,C3,mu,percent,-3.22,133.65331866331348
0,left,V,C3,mu,percent,-3.218,134.5512442294854
0,left,V,C3,mu,percent,-3.216,135.49613755288016
0,left,V,C3,mu,percent,-3.214,136.48569690391162
0,left,V,C3,mu,percent,-3.212,137.51732126902166
0,left,V,C3,mu,percent,-3.21,138.58812041860878
0,left,V,C3,mu,percent,-3.208,139.69492645501475
0,left,V,C3,mu,percent,-3.206,140.8343070668618
0,left,V,C3,mu,percent,-3.204,142.0025806610759
0,left,V,C3,mu,percent,-3.202,143.19583327713394
0,left,V,C3,mu,percent,-3.2,144.40993702092206
0,left,V,C3,mu,percent,-3.198,145.64056960348879
0,left,V,C3,mu,percent,-3.196,146.88323450436468
0,left,V,C3,mu,percent,-3.194,148.13328138506876
0,left,V,C3,mu,percent,-3.192,149.38592655646522
0,left,V,C3,mu,percent,-3.19,150.63627352735017
0,left,V,C3,mu,percent,-3.188,151.87933383204376
0,left,V,C3,mu,percent,-3.186,153.11004843086374
0,left,V,C3,mu,percent,-3.184,154.32330985793672
0,left,V,C3,mu,percent,-3.182,155.51398514347727
0,left,V,C3,mu,percent,-3.18,156.6769393023916
0,left,V,C3,mu,percent,-3.178,157.80705897969884
0,left,V,C3,mu,percent,-3.176,158.8992757441347
0,left,V,C3,mu,percent,-3.174,159.94858866146552
0,left,V,C3,mu,percent,-3.172,160.95008584166155
0,left,V,C3,mu,percent,-3.17,161.89896485713504
0,left,V,C3,mu,percent,-3.168,162.7905521854939
0,left,V,C3,mu,percent,-3.166,163.6203218925097
0,left,V,C3,mu,percent,-3.164,164.3839137366541
0,left,V,C3,mu,percent,-3.162,165.0771507742696
0,left,V,C3,mu,percent,-3.16,165.69605641196483
0,left,V,C3,mu,percent,-3.158,166.2368706920181
0,left,V,C3,mu,percent,-3.156,166.69606551488337
0,left,V,C3,mu,percent,-3.154,167.07035850263264
0,left,V,C3,mu,percent,-3.152,167.35672528855358
0,left,V,C3,mu,percent,-3.15,167.55241013126468
0,left,V,C3,mu,percent,-3.148,167.65493491125557
0,left,V,C3,mu,percent,-3.146,167.66210661451436
0,left,V,C3,mu,percent,-3.144,167.57202345887254
0,left,V,C3,mu,percent,-3.142,167.38307975560167
0,left,V,C3,mu,percent,-3.14,167.09396956978054
0,left,V,C3,mu,percent,-3.138,166.7036891679391
0,left,V,C3,mu,percent,-3.136,166.211538160514
0,left,V,C3,mu,percent,-3.134,165.61711922907227
0,left,V,C3,mu,percent,-3.132,164.92033637202425
0,left,V,C3,mu,percent,-3.13,164.1213916673751
0,left,V,C3,mu,percent,-3.128,163.22078059327401
0,left,V,C3,mu,percent,-3.126,162.2192859900972
0,left,V,C3,mu,percent,-3.124,161.11797083174466
0,left,V,C3,mu,percent,-3.122,159.91816996310203
0,left,V,C3,mu,percent,-3.12,158.6214809400429
0,left,V,C3,mu,percent,-3.118,157.22975407949468
0,left,V,C3,mu,percent,-3.116,155.7450817874595
0,left,V,C3,mu,percent,-3.114,154.1697871667293
0,left,V,C3,mu,percent,-3.112,152.50641191984087
0,left,V,C3,mu,percent,-3.11,150.75770354684107
0,left,V,C3,mu,percent,-3.108,148.926601807325
0,left,V,C3,mu,percent,-3.106,147.01622447043337
0,left,V,C3,mu,percent,-3.104,145.02985244620552
0,left,V,C3,mu,percent,-3.102,142.97091444081727
0,left,V,C3,mu,percent,-3.1,140.84297127077141
0,left,V,C3,mu,percent,-3.098,138.64970006309542
0,left,V,C3,mu,percent,-3.096,136.3948785064041
0,left,V,C3,mu,percent,-3.094,134.08236929960862
0,left,V,C3,mu,percent,-3.092,131.71610489711767
0,left,V,C3,mu,percent,-3.09,129.30007257893487
0,left,V,C3,mu,percent,-3.088,126.83829981022366
0,left,V,C3,mu,percent,-3.086,124.33483986681553
0,left,V,C3,mu,percent,-3.084,121.79375770908962
0,left,V,C3,mu,percent,-3.082,119.21911611940405
0,left,V,C3,mu,percent,-3.08,116.61496217202168
0,left,V,C3,mu,percent,-3.078,113.98531416175543
0,left,V,C3,mu,percent,-3.076,111.33414915758402
0,left,V,C3,mu,percent,-3.074,108.66539133238001
0,left,V,C3,mu,percent,-3.072,105.98290115537806
0,left,V,C3,mu,percent,-3.07,103.2904654708066
0,left,V,C3,mu,percent,-3.068,100.59178843387664
0,left,V,C3,mu,percent,-3.066,97.89048322035887
0,left,V,C3,mu,percent,-3.064,95.19006437981781
0,left,V,C3,mu,percent,-3.062,92.49394076467875
0,left,V,C3,mu,percent,-3.06,89.80540905392498
0,left,V,C3,mu,percent,-3.058,87.12764792771654
0,left,V,C3,mu,percent,-3.056,84.46371303633796
0,left,V,C3,mu,percent,-3.054,81.81653290981855
0,left,V,C3,mu,percent,-3.052,79.18890590015303
0,left,V,C3,mu,percent,-3.05,76.5834981623623
0,left,V,C3,mu,percent,-3.048,74.00284264961722
0,left,V,C3,mu,percent,-3.046,71.4493389380401
0,left,V,C3,mu,percent,-3.044,68.92525366868013
0,left,V,C3,mu,percent,-3.042,66.43272142939996
0,left,V,C3,mu,percent,-3.04,63.9737459709486
0,left,V,C3,mu,percent,-3.038,61.550201689201614
0,left,V,C3,mu,percent,-3.036,59.16383544281144
0,left,V,C3,mu,percent,-3.034,56.81626880511132
0,left,V,C3,mu,percent,-3.032,54.50900085049869
0,left,V,C3,mu,percent,-3.03,52.243411550672285
0,left,V,C3,mu,percent,-3.028,50.020765780270416
0,left,V,C3,mu,percent,-3.026,47.84221785592472
0,left,V,C3,mu,percent,-3.024,45.70881650079467
0,left,V,C3,mu,percent,-3.022,43.62151009969942
0,left,V,C3,mu,percent,-3.02,41.581152127943405
0,left,V,C3,mu,percent,-3.018,39.58850667911031
0,left,V,C3,mu,percent,-3.016,37.644254020586175
0,left,V,C3,mu,percent,-3.014,35.74899610992671
0,left,V,C3,mu,percent,-3.012,33.90326202858967
0,left,V,C3,mu,percent,-3.01,32.10751327573745
0,left,V,C3,mu,percent,-3.008,30.362148826817105
0,left,V,C3,mu,percent,-3.006,28.66750991215771
0,left,V,C3,mu,percent,-3.004,27.02388454094526
0,left,V,C3,mu,percent,-3.002,25.431511815379203
0,left,V,C3,mu,percent,-3.0,23.89058612903852
0,left,V,C3,mu,percent,-2.998,22.401261394566763
0,left,V,C3,mu,percent,-2.996,20.963655341933507
0,left,V,C3,mu,percent,-2.994,19.577853887015053
0,left,V,C3,mu,percent,-2.992,18.243915446584847
0,left,V,C3,mu,percent,-2.99,16.961875000105202
0,left,V,C3,mu,percent,-2.988,15.731747669238553
0,left,V,C3,mu,percent,-2.986,14.553531643874466
0,left,V,C3,mu,percent,-2.984,13.427210378570448
0,left,V,C3,mu,percent,-2.982,12.352754143151556
0,left,V,C3,mu,percent,-2.98,11.330121087303269
0,left,V,C3,mu,percent,-2.978,10.359258041745305
0,left,V,C3,mu,percent,-2.976,9.440101246523973
0,left,V,C3,mu,percent,-2.974,8.57257710913156
0,left,V,C3,mu,percent,-2.972,7.756602921567344
0,left,V,C3,mu,percent,-2.97,6.99208739090558
0,left,V,C3,mu,percent,-2.968,6.278930826817321
0,left,V,C3,mu,percent,-2.966,5.617024865706156
0,left,V,C3,mu,percent,-2.964,5.006251695689752
0,left,V,C3,mu,percent,-2.962,4.446482891924368
0,left,V,C3,mu,percent,-2.96,3.9375780357927845
0,left,V,C3,mu,percent,-2.958,3.479383287926582
0,left,V,C3,mu,percent,-2.956,3.0717300135762873
0,left,V,C3,mu,percent,-2.954,2.7144334391091913
0,left,V,C3,mu,percent,-2.952,2.407291219211142
0,left,V,C3,mu,percent,-2.95,2.150081763049037
0,left,V,C3,mu,percent,-2.948,1.942562193811882
0,left,V,C3,mu,percent,-2.946,1.7844659233012337
0,left,V,C3,mu,percent,-2.944,1.6754999363015515
0,left,V,C3,mu,percent,-2.942,1.6153419858373743
0,left,V,C3,mu,percent,-2.94,1.603637927325929
0,left,V,C3,mu,percent,-2.938,1.6399993263883734
0,left,V,C3,mu,percent,-2.936,1.7240013693822611
0,left,V,C3,mu,percent,-2.934,1.8551809808388282
0,left,V,C3,mu,percent,-2.932,2.0330349924334294
0,left,V,C3,mu,percent,-2.93,2.2570182191061385
0,left,V,C3,mu,percent,-2.928,2.5265413772983116
0,left,V,C3,mu,percent,-2.926,2.84096889013498
0,left,V,C3,mu,percent,-2.924,3.1996167290910895
0,left,V,C3,mu,percent,-2.922,3.601750463086655
0,left,V,C3,mu,percent,-2.92,4.046583616223975
0,left,V,C3,mu,percent,-2.918,4.533276350452828
0,left,V,C3,mu,percent,-2.916,5.0609343956339865
0,left,V,C3,mu,percent,-2.914,5.628608099664044
0,left,V,C3,mu,percent,-2.912,6.23529150065968
0,left,V,C3,mu,percent,-2.91,6.879921421097046
0,left,V,C3,mu,percent,-2.908,7.561376677612637
0,left,V,C3,mu,percent,-2.906,8.278477589193699
0,left,V,C3,mu,percent,-2.904,9.029985943085595
0,left,V,C3,mu,percent,-2.902,9.81460550280268
0,left,V,C3,mu,percent,-2.9,10.630982979426062
0,left,V,C3,mu,percent,-2.898,11.477709301099662
0,left,V,C3,mu,percent,-2.896,12.353320938740673
0,left,V,C3,mu,percent,-2.894,13.25630112467425
0,left,V,C3,mu,percent,-2.892,14.185080918185815
0,left,V,C3,mu,percent,-2.89,15.138040219683928
0,left,V,C3,mu,percent,-2.888,16.113508969285743
0,left,V,C3,mu,percent,-2.886,17.10976878493124
0,left,V,C3,mu,percent,-2.884,18.12505517388317
0,left,V,C3,mu,percent,-2.882,19.157560299014964
0,left,V,C3,mu,percent,-2.88,20.205436123490216
0,left,V,C3,mu,percent,-2.878,21.266797670958365
0,left,V,C3,mu,percent,-2.876,22.33972614460664
0,left,V,C3,mu,percent,-2.874,23.4222717717467
0,left,V,C3,mu,percent,-2.872,24.51245641642411
0,left,V,C3,mu,percent,-2.87,25.60827616074698
0,left,V,C3,mu,percent,-2.868,26.707704141218215
0,left,V,C3,mu,percent,-2.866,27.80869381891922
0,left,V,C3,mu,percent,-2.864,28.909182781574515
0,left,V,C3,mu,percent,-2.862,30.00709694448927
0,left,V,C3,mu,percent,-2.86,31.100354931072243
0,left,V,C3,mu,percent,-2.858,32.186872386401
0,left,V,C3,mu,percent,-2.856,33.26456600505311
0,left,V,C3,mu,percent,-2.854,34.33135719308981
0,left,V,C3,mu,percent,-2.852,35.38517547385151
0,left,V,C3,mu,percent,-2.85,36.42396179001432
0,left,V,C3,mu,percent,-2.848,37.445671888175056
0,left,V,C3,mu,percent,-2.846,38.44827986750774
0,left,V,C3,mu,percent,-2.844,39.42978193068921
0,left,V,C3,mu,percent,-2.842,40.38820022274459
0,left,V,C3,mu,percent,-2.84,41.321586679160504
0,left,V,C3,mu,percent,-2.838,42.228026764955295
0,left,V,C3,mu,percent,-2.836,43.105643083968516
0,left,V,C3,mu,percent,-2.834,43.952598915230524
0,left,V,C3,mu,percent,-2.832,44.76710175681491
0,left,V,C3,mu,percent,-2.83,45.547406898769516
0,left,V,C3,mu,percent,-2.828,46.291821000693865
0,left,V,C3,mu,percent,-2.826,46.99870556376061
0,left,V,C3,mu,percent,-2.824,47.66648012768014
0,left,V,C3,mu,percent,-2.822,48.29362506839058
0,left,V,C3,mu,percent,-2.82,48.87868393838364
0,left,V,C3,mu,percent,-2.818,49.420265426331376
0,left,V,C3,mu,percent,-2.816,49.917045117867204
0,left,V,C3,mu,percent,-2.814,50.36776730824314
0,left,V,C3,mu,percent,-2.812,50.771247025001905
0,left,V,C3,mu,percent,-2.81,51.126372363251356
0,left,V,C3,mu,percent,-2.808,51.4321070386424
0,left,V,C3,mu,percent,-2.806,51.68749296608526
0,left,V,C3,mu,percent,-2.804,51.891652611354665
0,left,V,C3,mu,percent,-2.802,52.04379090961907
0,left,V,C3,mu,percent,-2.8,52.14319660423356
0,left,V,C3,mu,percent,-2.798,52.18924304940984
0,left,V,C3,mu,percent,-2.796,52.18138860724174
0,left,V,C3,mu,percent,-2.794,52.11917685379088
0,left,V,C3,mu,percent,-2.792,52.002236768206096
0,left,V,C3,mu,percent,-2.79,51.830283063859994
0,left,V,C3,mu,percent,-2.788,51.60311666540315
0,left,V,C3,mu,percent,-2.786,51.320625297145725
0,left,V,C3,mu,percent,-2.784,50.98278405411267
0,left,V,C3,mu,percent,-2.782,50.589655836538405
0,left,V,C3,mu,percent,-2.78,50.141391539983324
0,left,V,C3,mu,percent,-2.778,49.63822998819424
0,left,V,C3,mu,percent,-2.776,49.08049759943944
0,left,V,C3,mu,percent,-2.774,48.468607807476985
0,left,V,C3,mu,percent,-2.772,47.803060282313794
0,left,V,C3,mu,percent,-2.77,47.084439968799515
0,left,V,C3,mu,percent,-2.768,46.313415957399904
0,left,V,C3,mu,percent,-2.766,45.490740188875215
0,left,V,C3,mu,percent,-2.764,44.61724598831552
0,left,V,C3,mu,percent,-2.762,43.69384644777139
0,left,V,C3,mu,percent,-2.76,42.72153274785957
0,left,V,C3,mu,percent,-2.758,41.701372470181326
0,left,V,C3,mu,percent,-2.756,40.63450793975775
0,left,V,C3,mu,percent,-2.754,39.522154621287925
0,left,V,C3,mu,percent,-2.752,38.36559956563928
0,left,V,C3,mu,percent,-2.75,37.166199811127186
0,left,V,C3,mu,percent,-2.748,35.92538066228417
0,left,V,C3,mu,percent,-2.746,34.64463373285534
0,left,V,C3,mu,percent,-2.744,33.32551466158147
0,left,V,C3,mu,percent,-2.742,31.969640485688096
0,left,V,C3,mu,percent,-2.74,30.578686719634597
0,left,V,C3,mu,percent,-2.738,29.154384200373705
0,left,V,C3,mu,percent,-2.736,27.698515833192047
0,left,V,C3,mu,percent,-2.734,26.212913359107922
0,left,V,C3,mu,percent,-2.732,24.699454247739258
0,left,V,C3,mu,percent,-2.73,23.160058716255794
0,left,V,C3,mu,percent,-2.728,21.596686872694676
0,left,V,C3,mu,percent,-2.726,20.011335884418113
0,left,V,C3,mu,percent,-2.724,18.40603707173265
0,left,V,C3,mu,percent,-2.722,16.782852840746486
0,left,V,C3,mu,percent,-2.72,15.14387339963971
0,left,V,C3,mu,percent,-2.718,13.491213259986802
0,left,V,C3,mu,percent,-2.716,11.827007590690373
0,left,V,C3,mu,percent,-2.714,10.15340852609088
0,left,V,C3,mu,percent,-2.712,8.472581498952595
0,left,V,C3,mu,percent,-2.71,6.786701661550527
0,left,V,C3,mu,percent,-2.708,5.097950371725074
0,left,V,C3,mu,percent,-2.706,3.4085117325684746
0,left,V,C3,mu,percent,-2.704,1.7205691129914815
0,left,V,C3,mu,percent,-2.702,0.03630159180299116
0,left,V,C3,mu,percent,-2.7,-1.6421197038456639
0,left,V,C3,mu,percent,-2.698,-3.3125352880981427
0,left,V,C3,mu,percent,-2.696,-4.972800975167737
0,left,V,C3,mu,percent,-2.694,-6.620791424987405
0,left,V,C3,mu,percent,-2.692,-8.254403506885161
0,left,V,C3,mu,percent,-2.69,-9.871559461305068
0,left,V,C3,mu,percent,-2.688,-11.470209920494304
0,left,V,C3,mu,percent,-2.686,-13.048336862049576
0,left,V,C3,mu,percent,-2.684,-14.603956588309059
0,left,V,C3,mu,percent,-2.682,-16.135122793581417
0,left,V,C3,mu,percent,-2.68,-17.639929702466514
0,left,V,C3,mu,percent,-2.678,-19.116515181391662
0,left,V,C3,mu,percent,-2.676,-20.563063731070287
0,left,V,C3,mu,percent,-2.674,-21.977809272717707
0,left,V,C3,mu,percent,-2.672,-23.35903766901932
0,left,V,C3,mu,percent,-2.67,-24.705088979592375
0,left,V,C3,mu,percent,-2.668,-26.0143595401018
0,left,V,C3,mu,percent,-2.666,-27.285303943948072
0,left,V,C3,mu,percent,-2.664,-28.516437010402846
0,left,V,C3,mu,percent,-2.662,-29.706335764787024
0,left,V,C3,mu,percent,-2.66,-30.853641397799525
0,left,V,C3,mu,percent,-2.658,-31.957061142185132
0,left,V,C3,mu,percent,-2.656,-33.01536999835974
0,left,V,C3,mu,percent,-2.654,-34.02741225156287
0,left,V,C3,mu,percent,-2.652,-34.99210277913189
0,left,V,C3,mu,percent,-2.65,-35.908428219745616
0,left,V,C3,mu,percent,-2.648,-36.775448054017424
0,left,V,C3,mu,percent,-2.646,-37.59229566428046
0,left,V,C3,mu,percent,-2.644,-38.35817938667076
0,left,V,C3,mu,percent,-2.642,-39.07238351403827
0,left,V,C3,mu,percent,-2.64,-39.734269179547724
0,left,V,C3,mu,percent,-2.638,-40.34327506871113
0,left,V,C3,mu,percent,-2.636,-40.89891790082183
0,left,V,C3,mu,percent,-2.634,-41.4007926826339
0,left,V,C3,mu,percent,-2.632,-41.84857281101893
0,left,V,C3,mu,percent,-2.63,-42.24201010543366
0,left,V,C3,mu,percent,-2.628,-42.58093484294961
0,left,V,C3,mu,percent,-2.626,-42.86525583097869
0,left,V,C3,mu,percent,-2.624,-43.094960513273286
0,left,V,C3,mu,percent,-2.622,-43.27011505054862
0,left,V,C3,mu,percent,-2.62,-43.39086433936611
0,left,V,C3,mu,percent,-2.618,-43.4574319186821
0,left,V,C3,mu,percent,-2.616,-43.47011973163557
0,left,V,C3,mu,percent,-2.614,-43.429307766748884
0,left,V,C3,mu,percent,-2.612,-43.33545359750257
0,left,V,C3,mu,percent,-2.61,-43.18909181698443
0,left,V,C3,mu,percent,-2.608,-42.99083336573801
0,left,V,C3,mu,percent,-2.606,-42.74136474515843
0,left,V,C3,mu,percent,-2.604,-42.44144708577526
0,left,V,C3,mu,percent,-2.602,-42.091915104109724
0,left,V,C3,mu,percent,-2.6,-41.69367595877532
0,left,V,C3,mu,percent,-2.598,-41.24770806836723
0,left,V,C3,mu,percent,-2.596,-40.75505994025461
0,left,V,C3,mu,percent,-2.594,-40.216849073865866
0,left,V,C3,mu,percent,-2.592,-39.63426088148642
0,left,V,C3,mu,percent,-2.59,-39.008547558904915
0,left,V,C3,mu,percent,-2.588,-38.34102680455184
0,left,V,C3,mu,percent,-2.586,-37.633080292325715
0,left,V,C3,mu,percent,-2.584,-36.88615184804265
0,left,V,C3,mu,percent,-2.582,-36.10174536643221
0,left,V,C3,mu,percent,-2.58,-35.28142252724081
0,left,V,C3,mu,percent,-2.578,-34.42680043277479
0,left,V,C3,mu,percent,-2.576,-33.53954929568993
0,left,V,C3,mu,percent,-2.574,-32.62139022702725
0,left,V,C3,mu,percent,-2.572,-31.674093091212185
0,left,V,C3,mu,percent,-2.57,-30.69947433599258
0,left,V,C3,mu,percent,-2.568,-29.699394673429474
0,left,V,C3,mu,percent,-2.566,-28.675756478819512
0,left,V,C3,mu,percent,-2.564,-27.630500849278505
0,left,V,C3,mu,percent,-2.562,-26.565604321497233
0,left,V,C3,mu,percent,-2.56,-25.483075334715675
0,left,V,C3,mu,percent,-2.558,-24.38495059242443
0,left,V,C3,mu,percent,-2.556,-23.273291453712055
0,left,V,C3,mu,percent,-2.554,-22.150180417299243
0,left,V,C3,mu,percent,-2.552,-21.017717729506828
0,left,V,C3,mu,percent,-2.55,-19.87801808289867
0,left,V,C3,mu,percent,-2.548,-18.733207299254016
0,left,V,C3,mu,percent,-2.546,-17.585418859258468
0,left,V,C3,mu,percent,-2.544,-16.43679021886108
0,left,V,C3,mu,percent,-2.542,-15.289458851707712
0,left,V,C3,mu,percent,-2.54,-14.145558080550808
0,left,V,C3,mu,percent,-2.538,-13.007212773860866
0,left,V,C3,mu,percent,-2.536,-11.876535024525367
0,left,V,C3,mu,percent,-2.534,-10.755619879439688
0,left,V,C3,mu,percent,-2.532,-9.646541215234619
0,left,V,C3,mu,percent,-2.53,-8.551347736975472
0,left,V,C3,mu,percent,-2.528,-7.472059054557187
0,left,V,C3,mu,percent,-2.526,-6.410661748220224
0,left,V,C3,mu,percent,-2.524,-5.369105368778893
0,left,V,C3,mu,percent,-2.522,-4.349298355192372
0,left,V,C3,mu,percent,-2.52,-3.3531039000772083
0,left,V,C3,mu,percent,-2.518,-2.382335815795657
0,left,V,C3,mu,percent,-2.516,-1.438754509561774
0,left,V,C3,mu,percent,-2.514,-0.5240631725557423
0,left,V,C3,mu,percent,-2.512,0.36009579644231127
0,left,V,C3,mu,percent,-2.51,1.2121441445629737
0,left,V,C3,mu,percent,-2.508,2.030570978800666
0,left,V,C3,mu,percent,-2.506,2.8139358846508546
0,left,V,C3,mu,percent,-2.504,3.5608720153106233
0,left,V,C3,mu,percent,-2.502,4.270089123360737
0,left,V,C3,mu,percent,-2.5,4.940376487420536
0,left,V,C3,mu,percent,-2.498,5.570605620272095
0,left,V,C3,mu,percent,-2.496,6.159732663535647
0,left,V,C3,mu,percent,-2.494,6.7068004251974225
0,left,V,C3,mu,percent,-2.492,7.210940118599399
0,left,V,C3,mu,percent,-2.49,7.671372900577908
0,left,V,C3,mu,percent,-2.488,8.087411350295728
0,left,V,C3,mu,percent,-2.486,8.45846095513989
0,left,V,C3,mu,percent,-2.484,8.784021633414334
0,left,V,C3,mu,percent,-2.482,9.063689158919884
0,left,V,C3,mu,percent,-2.48,9.297156324955724
0,left,V,C3,mu,percent,-2.478,9.484213625760585
0,left,V,C3,mu,percent,-2.476,9.624749339342634
0,left,V,C3,mu,percent,-2.474,9.71874900479065
0,left,V,C3,mu,percent,-2.472,9.766294442575163
0,left,V,C3,mu,percent,-2.47,9.767562517703569
0,left,V,C3,mu,percent,-2.468,9.722823896047416
0,left,V,C3,mu,percent,-2.466,9.632441961561534
0,left,V,C3,mu,percent,-2.464,9.496871922311618
0,left,V,C3,mu,percent,-2.462,9.316659989378893
0,left,V,C3,mu,percent,-2.46,9.092442382391283
0,left,V,C3,mu,percent,-2.458,8.824943967718825
0,left,V,C3,mu,percent,-2.456,8.514976376419998
0,left,V,C3,mu,percent,-2.454,8.16343558645337
0,left,V,C3,mu,percent,-2.452,7.771299077863368
0,left,V,C3,mu,percent,-2.45,7.339622772302519
0,left,V,C3,mu,percent,-2.448,6.869537927477698
0,left,V,C3,mu,percent,-2.446,6.362248134027939
0,left,V,C3,mu,percent,-2.444,5.8190263871888375
0,left,V,C3,mu,percent,-2.442,5.241212126698941
0,left,V,C3,mu,percent,-2.44,4.630208076660583
0,left,V,C3,mu,percent,-2.438,3.9874767971362397
0,left,V,C3,mu,percent,-2.436,3.314536906411566
0,left,V,C3,mu,percent,-2.434,2.612959066929151
0,left,V,C3,mu,percent,-2.432,1.8843618855834394
0,left,V,C3,mu,percent,-2.43,1.1304079244838976
0,left,V,C3,mu,percent,-2.428,0.35279991631800345
0,left,V,C3,mu,percent,-2.426,-0.44672280290619254
0,left,V,C3,mu,percent,-2.424,-1.2663877675739712
0,left,V,C3,mu,percent,-2.422,-2.104392923584191
0,left,V,C3,mu,percent,-2.42,-2.9589103976339546
0,left,V,C3,mu,percent,-2.418,-3.8280905805187
0,left,V,C3,mu,percent,-2.416,-4.71006648702245
0,left,V,C3,mu,percent,-2.414,-5.602958225539566
0,left,V,C3,mu,percent,-2.412,-6.504877407225623
0,left,V,C3,mu,percent,-2.41,-7.4139313337042765
0,left,V,C3,mu,percent,-2.408,-8.328226858482484
0,left,V,C3,mu,percent,-2.406,-9.24587399238359
0,left,V,C3,mu,percent,-2.404,-10.164989374980836
0,left,V,C3,mu,percent,-2.402,-11.083699737748345
0,left,V,C3,mu,percent,-2.4,-12.000145482208929
0,left,V,C3,mu,percent,-2.398,-12.91248441998759
0,left,V,C3,mu,percent,-2.396,-13.818895577847796
0,left,V,C3,mu,percent,-2.394,-14.717582935614484
0,left,V,C3,mu,percent,-2.392,-15.606778932782355
0,left,V,C3,mu,percent,-2.39,-16.484747665713876
0,left,V,C3,mu,percent,-2.388,-17.349787768854977
0,left,V,C3,mu,percent,-2.386,-18.20023509884358
0,left,V,C3,mu,percent,-2.384,-19.034465368405055
0,left,V,C3,mu,percent,-2.382,-19.850896886606684
0,left,V,C3,mu,percent,-2.38,-20.647993471463437
0,left,V,C3,mu,percent,-2.378,-21.424267499703316
0,left,V,C3,mu,percent,-2.376,-22.17828296216773
0,left,V,C3,mu,percent,-2.374,-22.908658352215532
0,left,V,C3,mu,percent,-2.372,-23.614069215116633
0,left,V,C3,mu,percent,-2.37,-24.293250291621423
0,left,V,C3,mu,percent,-2.368,-24.94499730789858
0,left,V,C3,mu,percent,-2.366,-25.568168545861454
0,left,V,C3,mu,percent,-2.364,-26.1616863512925
0,left,V,C3,mu,percent,-2.362,-26.72453877740025
0,left,V,C3,mu,percent,-2.36,-27.2557814009315
0,left,V,C3,mu,percent,-2.358,-27.754539237252228
0,left,V,C3,mu,percent,-2.356,-28.220008647023523
0,left,V,C3,mu,percent,-2.354,-28.651459065578027
0,left,V,C3,mu,percent,-2.352,-29.0482344063914
0,left,V,C3,mu,percent,-2.35,-29.409754102869684
0,left,V,C3,mu,percent,-2.348,-29.735513881079193
0,left,V,C3,mu,percent,-2.346,-30.025086373662084
0,left,V,C3,mu,percent,-2.344,-30.278121731922653
0,left,V,C3,mu,percent,-2.342,-30.49434833762766
0,left,V,C3,mu,percent,-2.34,-30.67357361295635
0,left,V,C3,mu,percent,-2.338,-30.815684829214785
0,left,V,C3,mu,percent,-2.336,-30.920649767711826
0,left,V,C3,mu,percent,-2.334,-30.98851707362775
0,left,V,C3,mu,percent,-2.332,-31.019416258255298
0,left,V,C3,mu,percent,-2.33,-31.013557359974374
0,left,V,C3,mu,percent,-2.328,-30.971230375603085
0,left,V,C3,mu,percent,-2.326,-30.892804605451257
0,left,V,C3,mu,percent,-2.324,-30.77872806377507
0,left,V,C3,mu,percent,-2.322,-30.62952697737332
0,left,V,C3,mu,percent,-2.32,-30.4458053479798
0,left,V,C3,mu,percent,-2.318,-30.228244465790546
0,left,V,C3,mu,percent,-2.316,-29.977602212424777
0,left,V,C3,mu,percent,-2.314,-29.69471203235437
0,left,V,C3,mu,percent,-2.312,-29.38048157818738
0,left,V,C3,mu,percent,-2.31,-29.035891043738612
0,left,V,C3,mu,percent,-2.308,-28.661991260110764
0,left,V,C3,mu,percent,-2.306,-28.25990167470599
0,left,V,C3,mu,percent,-2.304,-27.830808283656367
0,left,V,C3,mu,percent,-2.302,-27.375961505357644
0,left,V,C3,mu,percent,-2.3,-26.896673949710976
0,left,V,C3,mu,percent,-2.298,-26.394318023015284
0,left,V,C3,mu,percent,-2.296,-25.870323300975627
0,left,V,C3,mu,percent,-2.294,-25.32617367292616
0,left,V,C3,mu,percent,-2.292,-24.76340427665338
0,left,V,C3,mu,percent,-2.29,-24.1835982797703
0,left,V,C3,mu,percent,-2.288,-23.588383554467157
0,left,V,C3,mu,percent,-2.286,-22.97942925684015
0,left,V,C3,mu,percent,-2.284,-22.358442267395585
0,left,V,C3,mu,percent,-2.282,-21.72716347843328
0,left,V,C3,mu,percent,-2.28,-21.087363874060046
0,left,V,C3,mu,percent,-2.278,-20.440840425460046
0,left,V,C3,mu,percent,-2.276,-19.78941184200657
0,left,V,C3,mu,percent,-2.274,-19.134914266716386
0,left,V,C3,mu,percent,-2.272,-18.47919694561475
0,left,V,C3,mu,percent,-2.27,-17.824117903418095
0,left,V,C3,mu,percent,-2.268,-17.17153958815993
0,left,V,C3,mu,percent,-2.266,-16.52332440100086
0,left,V,C3,mu,percent,-2.264,-15.88133001730142
0,left,V,C3,mu,percent,-2.262,-15.247404484755041
0,left,V,C3,mu,percent,-2.26,-14.623381126610214
0,left,V,C3,mu,percent,-2.258,-14.011073356266417
0,left,V,C3,mu,percent,-2.256,-13.412269574318765
0,left,V,C3,mu,percent,-2.254,-12.828728301695639
0,left,V,C3,mu,percent,-2.252,-12.262173607702863
