modality,model,end_s,fold,bal_acc
V,CSP+LDA,0.1,0,0.5
V,CSP+LDA,0.1,1,0.55
V,CSP+LDA,0.1,2,0.6333333333333333
V,CSP+LDA,0.1,3,0.7166666666666667
V,CSP+LDA,0.1,4,0.4666666666666667
V,CSP+LDA,0.2,0,0.5833333333333333
V,CSP+LDA,0.2,1,0.65
V,CSP+LDA,0.2,2,0.43333333333333335
V,CSP+LDA,0.2,3,0.25
V,CSP+LDA,0.2,4,0.5333333333333333
V,CSP+LDA,0.3,0,0.5833333333333333
V,CSP+LDA,0.3,1,0.5666666666666667
V,CSP+LDA,0.3,2,0.16666666666666666
V,CSP+LDA,0.3,3,0.25
V,CSP+LDA,0.3,4,0.45
V,CSP+LDA,0.4,0,0.5833333333333333
V,CSP+LDA,0.4,1,0.5666666666666667
V,CSP+LDA,0.4,2,0.5666666666666667
V,CSP+LDA,0.4,3,0.43333333333333335
V,CSP+LDA,0.4,4,0.48333333333333334
V,CSP+LDA,0.5,0,0.75
V,CSP+LDA,0.5,1,0.65
V,CSP+LDA,0.5,2,0.75
V,CSP+LDA,0.5,3,0.45
V,CSP+LDA,0.5,4,0.5666666666666667
V,CSP+LDA,0.6,0,0.75
V,CSP+LDA,0.6,1,0.5666666666666667
V,CSP+LDA,0.6,2,0.75
V,CSP+LDA,0.6,3,0.5333333333333333
V,CSP+LDA,0.6,4,0.6666666666666666
V,CSP+LDA,0.7,0,0.6666666666666666
V,CSP+LDA,0.7,1,0.5666666666666667
V,CSP+LDA,0.7,2,0.45
V,CSP+LDA,0.7,3,0.43333333333333335
V,CSP+LDA,0.7,4,0.6666666666666666
V,CSP+LDA,0.8,0,0.6666666666666666
V,CSP+LDA,0.8,1,0.5666666666666667
V,CSP+LDA,0.8,2,0.65
V,CSP+LDA,0.8,3,0.3666666666666667
V,CSP+LDA,0.8,4,0.5666666666666667
V,CSP+LDA,0.9,0,0.6666666666666666
V,CSP+LDA,0.9,1,0.4666666666666667
V,CSP+LDA,0.9,2,0.7333333333333334
V,CSP+LDA,0.9,3,0.45
V,CSP+LDA,0.9,4,0.6666666666666666
V,CSP+LDA,1.0,0,0.5
V,CSP+LDA,1.0,1,0.3833333333333333
V,CSP+LDA,1.0,2,0.7333333333333334
V,CSP+LDA,1.0,3,0.4666666666666667
V,CSP+LDA,1.0,4,0.65
V,CSP+LDA,1.1,0,0.6666666666666666
V,CSP+LDA,1.1,1,0.3666666666666667
V,CSP+LDA,1.1,2,0.6333333333333333
V,CSP+LDA,1.1,3,0.4666666666666667
V,CSP+LDA,1.1,4,0.65
V,CSP+LDA,1.2,0,0.5833333333333333
V,CSP+LDA,1.2,1,0.3666666666666667
V,CSP+LDA,1.2,2,0.75
V,CSP+LDA,1.2,3,0.4666666666666667
V,CSP+LDA,1.2,4,0.65
V,CSP+LDA,1.3,0,0.5833333333333333
V,CSP+LDA,1.3,1,0.4666666666666667
V,CSP+LDA,1.3,2,0.65
V,CSP+LDA,1.3,3,0.4666666666666667
V,CSP+LDA,1.3,4,0.65
V,CSP+LDA,1.4,0,0.5833333333333333
V,CSP+LDA,1.4,1,0.4666666666666667
V,CSP+LDA,1.4,2,0.8333333333333333
V,CSP+LDA,1.4,3,0.4666666666666667
V,CSP+LDA,1.4,4,0.65
V,CSP+LDA,1.5,0,0.5833333333333333
V,CSP+LDA,1.5,1,0.4666666666666667
V,CSP+LDA,1.5,2,0.8333333333333333
V,CSP+LDA,1.5,3,0.4666666666666667
V,CSP+LDA,1.5,4,0.65
V,CSP+LDA,1.6,0,0.5
V,CSP+LDA,1.6,1,0.65
V,CSP+LDA,1.6,2,0.55
V,CSP+LDA,1.6,3,0.3666666666666667
V,CSP+LDA,1.6,4,0.65
V,CSP+LDA,1.7,0,0.5
V,CSP+LDA,1.7,1,0.65
V,CSP+LDA,1.7,2,0.45
V,CSP+LDA,1.7,3,0.3666666666666667
V,CSP+LDA,1.7,4,0.65
V,CSP+LDA,1.8,0,0.5
V,CSP+LDA,1.8,1,0.65
V,CSP+LDA,1.8,2,0.45
V,CSP+LDA,1.8,3,0.5333333333333333
V,CSP+LDA,1.8,4,0.65
V,CSP+LDA,1.9,0,0.5833333333333333
V,CSP+LDA,1.9,1,0.65
V,CSP+LDA,1.9,2,0.5333333333333333
V,CSP+LDA,1.9,3,0.3666666666666667
V,CSP+LDA,1.9,4,0.65
V,CSP+LDA,2.0,0,0.5833333333333333
V,CSP+LDA,2.0,1,0.4666666666666667
V,CSP+LDA,2.0,2,0.6333333333333333
V,CSP+LDA,2.0,3,0.3666666666666667
V,CSP+LDA,2.0,4,0.65
V,CSP+LDA,2.1,0,0.5833333333333333
V,CSP+LDA,2.1,1,0.4666666666666667
V,CSP+LDA,2.1,2,0.7333333333333334
V,CSP+LDA,2.1,3,0.3666666666666667
V,CSP+LDA,2.1,4,0.65
V,CSP+LDA,2.2,0,0.5833333333333333
V,CSP+LDA,2.2,1,0.65
V,CSP+LDA,2.2,2,0.7333333333333334
V,CSP+LDA,2.2,3,0.3666666666666667
V,CSP+LDA,2.2,4,0.65
V,CSP+LDA,2.3,0,0.6666666666666666
V,CSP+LDA,2.3,1,0.65
V,CSP+LDA,2.3,2,0.43333333333333335
V,CSP+LDA,2.3,3,0.3666666666666667
V,CSP+LDA,2.3,4,0.65
V,CSP+LDA,2.4,0,0.6666666666666666
V,CSP+LDA,2.4,1,0.4666666666666667
V,CSP+LDA,2.4,2,0.43333333333333335
V,CSP+LDA,2.4,3,0.3666666666666667
V,CSP+LDA,2.4,4,0.55
V,CSP+LDA,2.5,0,0.5833333333333333
V,CSP+LDA,2.5,1,0.65
V,CSP+LDA,2.5,2,0.5166666666666667
V,CSP+LDA,2.5,3,0.3666666666666667
V,CSP+LDA,2.5,4,0.55
V,CSP+LDA,2.6,0,0.5833333333333333
V,CSP+LDA,2.6,1,0.45
V,CSP+LDA,2.6,2,0.5166666666666667
V,CSP+LDA,2.6,3,0.26666666666666666
V,CSP+LDA,2.6,4,0.65
V,CSP+LDA,2.7,0,0.5833333333333333
V,CSP+LDA,2.7,1,0.55
V,CSP+LDA,2.7,2,0.4166666666666667
V,CSP+LDA,2.7,3,0.26666666666666666
V,CSP+LDA,2.7,4,0.55
V,CSP+LDA,2.8,0,0.6666666666666667
V,CSP+LDA,2.8,1,0.55
V,CSP+LDA,2.8,2,0.4166666666666667
V,CSP+LDA,2.8,3,0.26666666666666666
V,CSP+LDA,2.8,4,0.55
V,CSP+LDA,2.9,0,0.5
V,CSP+LDA,2.9,1,0.55
V,CSP+LDA,2.9,2,0.4166666666666667
V,CSP+LDA,2.9,3,0.26666666666666666
V,CSP+LDA,2.9,4,0.55
V,CSP+LDA,3.0,0,0.5
V,CSP+LDA,3.0,1,0.55
V,CSP+LDA,3.0,2,0.4166666666666667
V,CSP+LDA,3.0,3,0.26666666666666666
V,CSP+LDA,3.0,4,0.55
V,CSP+LDA,3.1,0,0.5
V,CSP+LDA,3.1,1,0.45
V,CSP+LDA,3.1,2,0.3333333333333333
V,CSP+LDA,3.1,3,0.43333333333333335
V,CSP+LDA,3.1,4,0.55
V,CSP+LDA,3.2,0,0.41666666666666663
V,CSP+LDA,3.2,1,0.55
V,CSP+LDA,3.2,2,0.3333333333333333
V,CSP+LDA,3.2,3,0.43333333333333335
V,CSP+LDA,3.2,4,0.75
V,CSP+LDA,3.3,0,0.3333333333333333
V,CSP+LDA,3.3,1,0.55
V,CSP+LDA,3.3,2,0.3333333333333333
V,CSP+LDA,3.3,3,0.35
V,CSP+LDA,3.3,4,0.55
V,CSP+LDA,3.4,0,0.5
V,CSP+LDA,3.4,1,0.55
V,CSP+LDA,3.4,2,0.3333333333333333
V,CSP+LDA,3.4,3,0.26666666666666666
V,CSP+LDA,3.4,4,0.55
V,CSP+LDA,3.5,0,0.5833333333333333
V,CSP+LDA,3.5,1,0.45
V,CSP+LDA,3.5,2,0.3333333333333333
V,CSP+LDA,3.5,3,0.26666666666666666
V,CSP+LDA,3.5,4,0.55
V,CSP+LDA,3.6,0,0.5
V,CSP+LDA,3.6,1,0.45
V,CSP+LDA,3.6,2,0.3333333333333333
V,CSP+LDA,3.6,3,0.3666666666666667
V,CSP+LDA,3.6,4,0.45
V,CSP+LDA,3.7,0,0.5833333333333333
V,CSP+LDA,3.7,1,0.45
V,CSP+LDA,3.7,2,0.3333333333333333
V,CSP+LDA,3.7,3,0.3666666666666667
V,CSP+LDA,3.7,4,0.55
V,CSP+LDA,3.8,0,0.5
V,CSP+LDA,3.8,1,0.45
V,CSP+LDA,3.8,2,0.3333333333333333
V,CSP+LDA,3.8,3,0.26666666666666666
V,CSP+LDA,3.8,4,0.55
V,CSP+LDA,3.9,0,0.41666666666666663
V,CSP+LDA,3.9,1,0.55
V,CSP+LDA,3.9,2,0.3333333333333333
V,CSP+LDA,3.9,3,0.3666666666666667
V,CSP+LDA,3.9,4,0.45
V,CSP+LDA,4.0,0,0.5
V,CSP+LDA,4.0,1,0.55
V,CSP+LDA,4.0,2,0.4166666666666667
V,CSP+LDA,4.0,3,0.26666666666666666
V,CSP+LDA,4.0,4,0.4666666666666667
V,CSP+LDA,4.1,0,0.41666666666666663
V,CSP+LDA,4.1,1,0.55
V,CSP+LDA,4.1,2,0.4166666666666667
V,CSP+LDA,4.1,3,0.3666666666666667
V,CSP+LDA,4.1,4,0.55
V,CSP+LDA,4.2,0,0.41666666666666663
V,CSP+LDA,4.2,1,0.55
V,CSP+LDA,4.2,2,0.4166666666666667
V,CSP+LDA,4.2,3,0.26666666666666666
V,CSP+LDA,4.2,4,0.4666666666666667
V,CSP+LDA,4.3,0,0.5
V,CSP+LDA,4.3,1,0.55
V,CSP+LDA,4.3,2,0.4166666666666667
V,CSP+LDA,4.3,3,0.3666666666666667
V,CSP+LDA,4.3,4,0.45
V,CSP+LDA,4.4,0,0.5
V,CSP+LDA,4.4,1,0.55
V,CSP+LDA,4.4,2,0.4166666666666667
V,CSP+LDA,4.4,3,0.3666666666666667
V,CSP+LDA,4.4,4,0.4666666666666667
V,CSP+LDA,4.5,0,0.5
V,CSP+LDA,4.5,1,0.55
V,CSP+LDA,4.5,2,0.4166666666666667
V,CSP+LDA,4.5,3,0.3666666666666667
V,CSP+LDA,4.5,4,0.3666666666666667
V,CSP+LDA,4.6,0,0.5
V,CSP+LDA,4.6,1,0.55
V,CSP+LDA,4.6,2,0.4166666666666667
V,CSP+LDA,4.6,3,0.3666666666666667
V,CSP+LDA,4.6,4,0.45
V,CSP+LDA,4.7,0,0.5
V,CSP+LDA,4.7,1,0.55
V,CSP+LDA,4.7,2,0.4166666666666667
V,CSP+LDA,4.7,3,0.3666666666666667
V,CSP+LDA,4.7,4,0.4666666666666667
V,CSP+LDA,4.8,0,0.5
V,CSP+LDA,4.8,1,0.55
V,CSP+LDA,4.8,2,0.4166666666666667
V,CSP+LDA,4.8,3,0.3666666666666667
V,CSP+LDA,4.8,4,0.55
V,CSP+LDA,4.9,0,0.5833333333333333
V,CSP+LDA,4.9,1,0.55
V,CSP+LDA,4.9,2,0.4166666666666667
V,CSP+LDA,4.9,3,0.3666666666666667
V,CSP+LDA,4.9,4,0.55
V,CSP+LDA,5.0,0,0.5833333333333333
V,CSP+LDA,5.0,1,0.55
V,CSP+LDA,5.0,2,0.4166666666666667
V,CSP+LDA,5.0,3,0.26666666666666666
V,CSP+LDA,5.0,4,0.45
A,CSP+LDA,0.1,0,0.5833333333333334
A,CSP+LDA,0.1,1,0.41666666666666663
A,CSP+LDA,0.1,2,0.5833333333333333
A,CSP+LDA,0.1,3,0.3833333333333333
A,CSP+LDA,0.1,4,0.4666666666666667
A,CSP+LDA,0.2,0,0.3333333333333333
A,CSP+LDA,0.2,1,0.5
A,CSP+LDA,0.2,2,0.5833333333333334
A,CSP+LDA,0.2,3,0.3666666666666667
A,CSP+LDA,0.2,4,0.7166666666666667
A,CSP+LDA,0.3,0,0.5
A,CSP+LDA,0.3,1,0.5833333333333334
A,CSP+LDA,0.3,2,0.5
A,CSP+LDA,0.3,3,0.43333333333333335
A,CSP+LDA,0.3,4,0.6166666666666667
A,CSP+LDA,0.4,0,0.3333333333333333
A,CSP+LDA,0.4,1,0.41666666666666663
A,CSP+LDA,0.4,2,0.41666666666666663
A,CSP+LDA,0.4,3,0.35
A,CSP+LDA,0.4,4,0.5333333333333333
A,CSP+LDA,0.5,0,0.6666666666666667
A,CSP+LDA,0.5,1,0.3333333333333333
A,CSP+LDA,0.5,2,0.5833333333333333
A,CSP+LDA,0.5,3,0.26666666666666666
A,CSP+LDA,0.5,4,0.7
A,CSP+LDA,0.6,0,0.41666666666666663
A,CSP+LDA,0.6,1,0.3333333333333333
A,CSP+LDA,0.6,2,0.5
A,CSP+LDA,0.6,3,0.35
A,CSP+LDA,0.6,4,0.3666666666666667
A,CSP+LDA,0.7,0,0.5
A,CSP+LDA,0.7,1,0.3333333333333333
A,CSP+LDA,0.7,2,0.5
A,CSP+LDA,0.7,3,0.35
A,CSP+LDA,0.7,4,0.7
A,CSP+LDA,0.8,0,0.5833333333333333
A,CSP+LDA,0.8,1,0.3333333333333333
A,CSP+LDA,0.8,2,0.5
A,CSP+LDA,0.8,3,0.26666666666666666
A,CSP+LDA,0.8,4,0.5166666666666667
A,CSP+LDA,0.9,0,0.5
A,CSP+LDA,0.9,1,0.25
A,CSP+LDA,0.9,2,0.5833333333333334
A,CSP+LDA,0.9,3,0.26666666666666666
A,CSP+LDA,0.9,4,0.6
A,CSP+LDA,1.0,0,0.5
A,CSP+LDA,1.0,1,0.3333333333333333
A,CSP+LDA,1.0,2,0.5833333333333334
A,CSP+LDA,1.0,3,0.26666666666666666
A,CSP+LDA,1.0,4,0.6
A,CSP+LDA,1.1,0,0.41666666666666663
A,CSP+LDA,1.1,1,0.41666666666666663
A,CSP+LDA,1.1,2,0.5
A,CSP+LDA,1.1,3,0.2833333333333333
A,CSP+LDA,1.1,4,0.6
A,CSP+LDA,1.2,0,0.5833333333333333
A,CSP+LDA,1.2,1,0.3333333333333333
A,CSP+LDA,1.2,2,0.5
A,CSP+LDA,1.2,3,0.2833333333333333
A,CSP+LDA,1.2,4,0.6
A,CSP+LDA,1.3,0,0.5833333333333333
A,CSP+LDA,1.3,1,0.3333333333333333
A,CSP+LDA,1.3,2,0.5
A,CSP+LDA,1.3,3,0.2833333333333333
A,CSP+LDA,1.3,4,0.43333333333333335
A,CSP+LDA,1.4,0,0.5833333333333333
A,CSP+LDA,1.4,1,0.25
A,CSP+LDA,1.4,2,0.5
A,CSP+LDA,1.4,3,0.3666666666666667
A,CSP+LDA,1.4,4,0.43333333333333335
A,CSP+LDA,1.5,0,0.5
A,CSP+LDA,1.5,1,0.41666666666666663
A,CSP+LDA,1.5,2,0.5
A,CSP+LDA,1.5,3,0.2833333333333333
A,CSP+LDA,1.5,4,0.43333333333333335
A,CSP+LDA,1.6,0,0.5833333333333333
A,CSP+LDA,1.6,1,0.3333333333333333
A,CSP+LDA,1.6,2,0.5
A,CSP+LDA,1.6,3,0.2833333333333333
A,CSP+LDA,1.6,4,0.43333333333333335
A,CSP+LDA,1.7,0,0.5833333333333333
A,CSP+LDA,1.7,1,0.25
A,CSP+LDA,1.7,2,0.5833333333333334
A,CSP+LDA,1.7,3,0.2833333333333333
A,CSP+LDA,1.7,4,0.43333333333333335
A,CSP+LDA,1.8,0,0.5833333333333333
A,CSP+LDA,1.8,1,0.25
A,CSP+LDA,1.8,2,0.5833333333333334
A,CSP+LDA,1.8,3,0.3666666666666667
A,CSP+LDA,1.8,4,0.43333333333333335
A,CSP+LDA,1.9,0,0.5
A,CSP+LDA,1.9,1,0.25
A,CSP+LDA,1.9,2,0.41666666666666663
A,CSP+LDA,1.9,3,0.2833333333333333
A,CSP+LDA,1.9,4,0.5166666666666667
A,CSP+LDA,2.0,0,0.5
A,CSP+LDA,2.0,1,0.25
A,CSP+LDA,2.0,2,0.5
A,CSP+LDA,2.0,3,0.2833333333333333
A,CSP+LDA,2.0,4,0.43333333333333335
A,CSP+LDA,2.1,0,0.5
A,CSP+LDA,2.1,1,0.4166666666666667
A,CSP+LDA,2.1,2,0.5
A,CSP+LDA,2.1,3,0.3666666666666667
A,CSP+LDA,2.1,4,0.43333333333333335
A,CSP+LDA,2.2,0,0.5
A,CSP+LDA,2.2,1,0.4166666666666667
A,CSP+LDA,2.2,2,0.5
A,CSP+LDA,2.2,3,0.2833333333333333
A,CSP+LDA,2.2,4,0.43333333333333335
A,CSP+LDA,2.3,0,0.5833333333333333
A,CSP+LDA,2.3,1,0.4166666666666667
A,CSP+LDA,2.3,2,0.5
A,CSP+LDA,2.3,3,0.2833333333333333
A,CSP+LDA,2.3,4,0.43333333333333335
A,CSP+LDA,2.4,0,0.5833333333333333
A,CSP+LDA,2.4,1,0.4166666666666667
A,CSP+LDA,2.4,2,0.5
A,CSP+LDA,2.4,3,0.2833333333333333
A,CSP+LDA,2.4,4,0.43333333333333335
A,CSP+LDA,2.5,0,0.5
A,CSP+LDA,2.5,1,0.25
A,CSP+LDA,2.5,2,0.5
A,CSP+LDA,2.5,3,0.2833333333333333
A,CSP+LDA,2.5,4,0.6166666666666667
A,CSP+LDA,2.6,0,0.5
A,CSP+LDA,2.6,1,0.25
A,CSP+LDA,2.6,2,0.5833333333333333
A,CSP+LDA,2.6,3,0.3666666666666667
A,CSP+LDA,2.6,4,0.5333333333333333
A,CSP+LDA,2.7,0,0.5
A,CSP+LDA,2.7,1,0.25
A,CSP+LDA,2.7,2,0.6666666666666667
A,CSP+LDA,2.7,3,0.3666666666666667
A,CSP+LDA,2.7,4,0.43333333333333335
A,CSP+LDA,2.8,0,0.5
A,CSP+LDA,2.8,1,0.25
A,CSP+LDA,2.8,2,0.5833333333333333
A,CSP+LDA,2.8,3,0.3666666666666667
A,CSP+LDA,2.8,4,0.6166666666666667
A,CSP+LDA,2.9,0,0.5
A,CSP+LDA,2.9,1,0.3333333333333333
A,CSP+LDA,2.9,2,0.5833333333333334
A,CSP+LDA,2.9,3,0.3666666666666667
A,CSP+LDA,2.9,4,0.5333333333333333
A,CSP+LDA,3.0,0,0.5
A,CSP+LDA,3.0,1,0.25
A,CSP+LDA,3.0,2,0.6666666666666667
A,CSP+LDA,3.0,3,0.3666666666666667
A,CSP+LDA,3.0,4,0.5333333333333333
A,CSP+LDA,3.1,0,0.5
A,CSP+LDA,3.1,1,0.25
A,CSP+LDA,3.1,2,0.5833333333333334
A,CSP+LDA,3.1,3,0.3666666666666667
A,CSP+LDA,3.1,4,0.5333333333333333
A,CSP+LDA,3.2,0,0.5833333333333333
A,CSP+LDA,3.2,1,0.25
A,CSP+LDA,3.2,2,0.5833333333333334
A,CSP+LDA,3.2,3,0.3666666666666667
A,CSP+LDA,3.2,4,0.5333333333333333
A,CSP+LDA,3.3,0,0.5
A,CSP+LDA,3.3,1,0.25
A,CSP+LDA,3.3,2,0.6666666666666667
A,CSP+LDA,3.3,3,0.3666666666666667
A,CSP+LDA,3.3,4,0.5333333333333333
A,CSP+LDA,3.4,0,0.41666666666666663
A,CSP+LDA,3.4,1,0.25
A,CSP+LDA,3.4,2,0.6666666666666667
A,CSP+LDA,3.4,3,0.3666666666666667
A,CSP+LDA,3.4,4,0.5333333333333333
A,CSP+LDA,3.5,0,0.41666666666666663
A,CSP+LDA,3.5,1,0.25
A,CSP+LDA,3.5,2,0.5833333333333334
A,CSP+LDA,3.5,3,0.3666666666666667
A,CSP+LDA,3.5,4,0.6166666666666667
A,CSP+LDA,3.6,0,0.5
A,CSP+LDA,3.6,1,0.25
A,CSP+LDA,3.6,2,0.5833333333333334
A,CSP+LDA,3.6,3,0.3666666666666667
A,CSP+LDA,3.6,4,0.6166666666666667
A,CSP+LDA,3.7,0,0.3333333333333333
A,CSP+LDA,3.7,1,0.25
A,CSP+LDA,3.7,2,0.5833333333333334
A,CSP+LDA,3.7,3,0.3666666666666667
A,CSP+LDA,3.7,4,0.6166666666666667
A,CSP+LDA,3.8,0,0.3333333333333333
A,CSP+LDA,3.8,1,0.25
A,CSP+LDA,3.8,2,0.5833333333333334
A,CSP+LDA,3.8,3,0.3666666666666667
A,CSP+LDA,3.8,4,0.6166666666666667
A,CSP+LDA,3.9,0,0.3333333333333333
A,CSP+LDA,3.9,1,0.25
A,CSP+LDA,3.9,2,0.5833333333333334
A,CSP+LDA,3.9,3,0.3666666666666667
A,CSP+LDA,3.9,4,0.6166666666666667
A,CSP+LDA,4.0,0,0.41666666666666663
A,CSP+LDA,4.0,1,0.25
A,CSP+LDA,4.0,2,0.5833333333333334
A,CSP+LDA,4.0,3,0.3666666666666667
A,CSP+LDA,4.0,4,0.6166666666666667
A,CSP+LDA,4.1,0,0.3333333333333333
A,CSP+LDA,4.1,1,0.25
A,CSP+LDA,4.1,2,0.75
A,CSP+LDA,4.1,3,0.3666666666666667
A,CSP+LDA,4.1,4,0.6166666666666667
A,CSP+LDA,4.2,0,0.3333333333333333
A,CSP+LDA,4.2,1,0.25
A,CSP+LDA,4.2,2,0.75
A,CSP+LDA,4.2,3,0.3666666666666667
A,CSP+LDA,4.2,4,0.6166666666666667
A,CSP+LDA,4.3,0,0.3333333333333333
A,CSP+LDA,4.3,1,0.25
A,CSP+LDA,4.3,2,0.6666666666666667
A,CSP+LDA,4.3,3,0.3666666666666667
A,CSP+LDA,4.3,4,0.6166666666666667
A,CSP+LDA,4.4,0,0.3333333333333333
A,CSP+LDA,4.4,1,0.25
A,CSP+LDA,4.4,2,0.6666666666666667
A,CSP+LDA,4.4,3,0.3666666666666667
A,CSP+LDA,4.4,4,0.6166666666666667
A,CSP+LDA,4.5,0,0.41666666666666663
A,CSP+LDA,4.5,1,0.25
A,CSP+LDA,4.5,2,0.75
A,CSP+LDA,4.5,3,0.3666666666666667
A,CSP+LDA,4.5,4,0.6166666666666667
A,CSP+LDA,4.6,0,0.41666666666666663
A,CSP+LDA,4.6,1,0.25
A,CSP+LDA,4.6,2,0.6666666666666667
A,CSP+LDA,4.6,3,0.3666666666666667
A,CSP+LDA,4.6,4,0.6166666666666667
A,CSP+LDA,4.7,0,0.3333333333333333
A,CSP+LDA,4.7,1,0.25
A,CSP+LDA,4.7,2,0.75
A,CSP+LDA,4.7,3,0.3666666666666667
A,CSP+LDA,4.7,4,0.6166666666666667
A,CSP+LDA,4.8,0,0.41666666666666663
A,CSP+LDA,4.8,1,0.25
A,CSP+LDA,4.8,2,0.5833333333333334
A,CSP+LDA,4.8,3,0.3666666666666667
A,CSP+LDA,4.8,4,0.6166666666666667
A,CSP+LDA,4.9,0,0.41666666666666663
A,CSP+LDA,4.9,1,0.25
A,CSP+LDA,4.9,2,0.6666666666666667
A,CSP+LDA,4.9,3,0.3666666666666667
A,CSP+LDA,4.9,4,0.6166666666666667
A,CSP+LDA,5.0,0,0.5
A,CSP+LDA,5.0,1,0.3333333333333333
A,CSP+LDA,5.0,2,0.75
A,CSP+LDA,5.0,3,0.3666666666666667
A,CSP+LDA,5.0,4,0.6166666666666667
VA,CSP+LDA,0.1,0,0.5833333333333334
VA,CSP+LDA,0.1,1,0.9166666666666667
VA,CSP+LDA,0.1,2,0.5666666666666667
VA,CSP+LDA,0.1,3,0.5666666666666667
VA,CSP+LDA,0.1,4,0.6333333333333333
VA,CSP+LDA,0.2,0,0.5
VA,CSP+LDA,0.2,1,0.3833333333333333
VA,CSP+LDA,0.2,2,0.2833333333333333
VA,CSP+LDA,0.2,3,0.6333333333333333
VA,CSP+LDA,0.2,4,0.35
VA,CSP+LDA,0.3,0,0.3333333333333333
VA,CSP+LDA,0.3,1,0.2833333333333333
VA,CSP+LDA,0.3,2,0.4666666666666667
VA,CSP+LDA,0.3,3,0.4666666666666667
VA,CSP+LDA,0.3,4,0.3333333333333333
VA,CSP+LDA,0.4,0,0.25
VA,CSP+LDA,0.4,1,0.5333333333333333
VA,CSP+LDA,0.4,2,0.45
VA,CSP+LDA,0.4,3,0.7166666666666667
VA,CSP+LDA,0.4,4,0.7166666666666667
VA,CSP+LDA,0.5,0,0.6666666666666666
VA,CSP+LDA,0.5,1,0.5333333333333333
VA,CSP+LDA,0.5,2,0.4666666666666667
VA,CSP+LDA,0.5,3,0.5333333333333333
VA,CSP+LDA,0.5,4,0.8
VA,CSP+LDA,0.6,0,0.5
VA,CSP+LDA,0.6,1,0.5333333333333333
VA,CSP+LDA,0.6,2,0.65
VA,CSP+LDA,0.6,3,0.6166666666666667
VA,CSP+LDA,0.6,4,0.6166666666666667
VA,CSP+LDA,0.7,0,0.41666666666666663
VA,CSP+LDA,0.7,1,0.5333333333333333
VA,CSP+LDA,0.7,2,0.4666666666666667
VA,CSP+LDA,0.7,3,0.7166666666666667
VA,CSP+LDA,0.7,4,0.5166666666666667
VA,CSP+LDA,0.8,0,0.5
VA,CSP+LDA,0.8,1,0.6166666666666667
VA,CSP+LDA,0.8,2,0.4666666666666667
VA,CSP+LDA,0.8,3,0.6166666666666667
VA,CSP+LDA,0.8,4,0.5166666666666667
VA,CSP+LDA,0.9,0,0.3333333333333333
VA,CSP+LDA,0.9,1,0.45
VA,CSP+LDA,0.9,2,0.55
VA,CSP+LDA,0.9,3,0.7166666666666667
VA,CSP+LDA,0.9,4,0.5166666666666667
VA,CSP+LDA,1.0,0,0.3333333333333333
VA,CSP+LDA,1.0,1,0.45
VA,CSP+LDA,1.0,2,0.55
VA,CSP+LDA,1.0,3,0.7166666666666667
VA,CSP+LDA,1.0,4,0.43333333333333335
VA,CSP+LDA,1.1,0,0.41666666666666663
VA,CSP+LDA,1.1,1,0.43333333333333335
VA,CSP+LDA,1.1,2,0.55
VA,CSP+LDA,1.1,3,0.55
VA,CSP+LDA,1.1,4,0.55
VA,CSP+LDA,1.2,0,0.41666666666666663
VA,CSP+LDA,1.2,1,0.5333333333333333
VA,CSP+LDA,1.2,2,0.5666666666666667
VA,CSP+LDA,1.2,3,0.5333333333333333
VA,CSP+LDA,1.2,4,0.6166666666666667
VA,CSP+LDA,1.3,0,0.25
VA,CSP+LDA,1.3,1,0.25
VA,CSP+LDA,1.3,2,0.55
VA,CSP+LDA,1.3,3,0.45
VA,CSP+LDA,1.3,4,0.6166666666666667
VA,CSP+LDA,1.4,0,0.3333333333333333
VA,CSP+LDA,1.4,1,0.3333333333333333
VA,CSP+LDA,1.4,2,0.65
VA,CSP+LDA,1.4,3,0.6333333333333333
VA,CSP+LDA,1.4,4,0.3333333333333333
VA,CSP+LDA,1.5,0,0.3333333333333333
VA,CSP+LDA,1.5,1,0.5333333333333333
VA,CSP+LDA,1.5,2,0.5666666666666667
VA,CSP+LDA,1.5,3,0.5333333333333333
VA,CSP+LDA,1.5,4,0.25
VA,CSP+LDA,1.6,0,0.3333333333333333
VA,CSP+LDA,1.6,1,0.5333333333333333
VA,CSP+LDA,1.6,2,0.55
VA,CSP+LDA,1.6,3,0.45
VA,CSP+LDA,1.6,4,0.3333333333333333
VA,CSP+LDA,1.7,0,0.3333333333333333
VA,CSP+LDA,1.7,1,0.43333333333333335
VA,CSP+LDA,1.7,2,0.55
VA,CSP+LDA,1.7,3,0.45
VA,CSP+LDA,1.7,4,0.25
VA,CSP+LDA,1.8,0,0.41666666666666663
VA,CSP+LDA,1.8,1,0.5166666666666667
VA,CSP+LDA,1.8,2,0.55
VA,CSP+LDA,1.8,3,0.6166666666666667
VA,CSP+LDA,1.8,4,0.25
VA,CSP+LDA,1.9,0,0.3333333333333333
VA,CSP+LDA,1.9,1,0.5166666666666667
VA,CSP+LDA,1.9,2,0.3833333333333333
VA,CSP+LDA,1.9,3,0.6333333333333333
VA,CSP+LDA,1.9,4,0.7166666666666667
VA,CSP+LDA,2.0,0,0.41666666666666663
VA,CSP+LDA,2.0,1,0.43333333333333335
VA,CSP+LDA,2.0,2,0.4666666666666667
VA,CSP+LDA,2.0,3,0.43333333333333335
VA,CSP+LDA,2.0,4,0.7166666666666667
VA,CSP+LDA,2.1,0,0.5
VA,CSP+LDA,2.1,1,0.25
VA,CSP+LDA,2.1,2,0.4666666666666667
VA,CSP+LDA,2.1,3,0.5333333333333333
VA,CSP+LDA,2.1,4,0.45
VA,CSP+LDA,2.2,0,0.3333333333333333
VA,CSP+LDA,2.2,1,0.35
VA,CSP+LDA,2.2,2,0.5666666666666667
VA,CSP+LDA,2.2,3,0.5333333333333333
VA,CSP+LDA,2.2,4,0.6166666666666667
VA,CSP+LDA,2.3,0,0.41666666666666663
VA,CSP+LDA,2.3,1,0.35
VA,CSP+LDA,2.3,2,0.4666666666666667
VA,CSP+LDA,2.3,3,0.43333333333333335
VA,CSP+LDA,2.3,4,0.7166666666666667
VA,CSP+LDA,2.4,0,0.3333333333333333
VA,CSP+LDA,2.4,1,0.25
VA,CSP+LDA,2.4,2,0.48333333333333334
VA,CSP+LDA,2.4,3,0.43333333333333335
VA,CSP+LDA,2.4,4,0.5333333333333333
VA,CSP+LDA,2.5,0,0.3333333333333333
VA,CSP+LDA,2.5,1,0.16666666666666666
VA,CSP+LDA,2.5,2,0.4666666666666667
VA,CSP+LDA,2.5,3,0.43333333333333335
VA,CSP+LDA,2.5,4,0.8166666666666667
VA,CSP+LDA,2.6,0,0.25
VA,CSP+LDA,2.6,1,0.25
VA,CSP+LDA,2.6,2,0.4666666666666667
VA,CSP+LDA,2.6,3,0.43333333333333335
VA,CSP+LDA,2.6,4,0.8166666666666667
VA,CSP+LDA,2.7,0,0.25
VA,CSP+LDA,2.7,1,0.16666666666666666
VA,CSP+LDA,2.7,2,0.4666666666666667
VA,CSP+LDA,2.7,3,0.43333333333333335
VA,CSP+LDA,2.7,4,0.7166666666666667
VA,CSP+LDA,2.8,0,0.3333333333333333
VA,CSP+LDA,2.8,1,0.16666666666666666
VA,CSP+LDA,2.8,2,0.5666666666666667
VA,CSP+LDA,2.8,3,0.43333333333333335
VA,CSP+LDA,2.8,4,0.7166666666666667
VA,CSP+LDA,2.9,0,0.3333333333333333
VA,CSP+LDA,2.9,1,0.16666666666666666
VA,CSP+LDA,2.9,2,0.4
VA,CSP+LDA,2.9,3,0.43333333333333335
VA,CSP+LDA,2.9,4,0.6166666666666667
VA,CSP+LDA,3.0,0,0.25
VA,CSP+LDA,3.0,1,0.26666666666666666
VA,CSP+LDA,3.0,2,0.4
VA,CSP+LDA,3.0,3,0.43333333333333335
VA,CSP+LDA,3.0,4,0.6166666666666667
VA,CSP+LDA,3.1,0,0.25
VA,CSP+LDA,3.1,1,0.3666666666666667
VA,CSP+LDA,3.1,2,0.4
VA,CSP+LDA,3.1,3,0.43333333333333335
VA,CSP+LDA,3.1,4,0.6166666666666667
VA,CSP+LDA,3.2,0,0.3333333333333333
VA,CSP+LDA,3.2,1,0.5833333333333334
VA,CSP+LDA,3.2,2,0.3833333333333333
VA,CSP+LDA,3.2,3,0.43333333333333335
VA,CSP+LDA,3.2,4,0.6166666666666667
VA,CSP+LDA,3.3,0,0.41666666666666663
VA,CSP+LDA,3.3,1,0.48333333333333334
VA,CSP+LDA,3.3,2,0.48333333333333334
VA,CSP+LDA,3.3,3,0.43333333333333335
VA,CSP+LDA,3.3,4,0.43333333333333335
VA,CSP+LDA,3.4,0,0.25
VA,CSP+LDA,3.4,1,0.2833333333333333
VA,CSP+LDA,3.4,2,0.48333333333333334
VA,CSP+LDA,3.4,3,0.43333333333333335
VA,CSP+LDA,3.4,4,0.5333333333333333
VA,CSP+LDA,3.5,0,0.3333333333333333
VA,CSP+LDA,3.5,1,0.3666666666666667
VA,CSP+LDA,3.5,2,0.4
VA,CSP+LDA,3.5,3,0.43333333333333335
VA,CSP+LDA,3.5,4,0.5333333333333333
VA,CSP+LDA,3.6,0,0.3333333333333333
VA,CSP+LDA,3.6,1,0.4666666666666667
VA,CSP+LDA,3.6,2,0.4
VA,CSP+LDA,3.6,3,0.43333333333333335
VA,CSP+LDA,3.6,4,0.43333333333333335
VA,CSP+LDA,3.7,0,0.41666666666666663
VA,CSP+LDA,3.7,1,0.4666666666666667
VA,CSP+LDA,3.7,2,0.3
VA,CSP+LDA,3.7,3,0.35
VA,CSP+LDA,3.7,4,0.5333333333333333
VA,CSP+LDA,3.8,0,0.41666666666666663
VA,CSP+LDA,3.8,1,0.3666666666666667
VA,CSP+LDA,3.8,2,0.4
VA,CSP+LDA,3.8,3,0.43333333333333335
VA,CSP+LDA,3.8,4,0.43333333333333335
VA,CSP+LDA,3.9,0,0.41666666666666663
VA,CSP+LDA,3.9,1,0.4666666666666667
VA,CSP+LDA,3.9,2,0.3
VA,CSP+LDA,3.9,3,0.35
VA,CSP+LDA,3.9,4,0.43333333333333335
VA,CSP+LDA,4.0,0,0.41666666666666663
VA,CSP+LDA,4.0,1,0.4666666666666667
VA,CSP+LDA,4.0,2,0.4
VA,CSP+LDA,4.0,3,0.35
VA,CSP+LDA,4.0,4,0.43333333333333335
VA,CSP+LDA,4.1,0,0.41666666666666663
VA,CSP+LDA,4.1,1,0.4666666666666667
VA,CSP+LDA,4.1,2,0.4
VA,CSP+LDA,4.1,3,0.35
VA,CSP+LDA,4.1,4,0.43333333333333335
VA,CSP+LDA,4.2,0,0.25
VA,CSP+LDA,4.2,1,0.5
VA,CSP+LDA,4.2,2,0.4
VA,CSP+LDA,4.2,3,0.35
VA,CSP+LDA,4.2,4,0.43333333333333335
VA,CSP+LDA,4.3,0,0.25
VA,CSP+LDA,4.3,1,0.5833333333333334
VA,CSP+LDA,4.3,2,0.4
VA,CSP+LDA,4.3,3,0.35
VA,CSP+LDA,4.3,4,0.5333333333333333
VA,CSP+LDA,4.4,0,0.25
VA,CSP+LDA,4.4,1,0.5833333333333334
VA,CSP+LDA,4.4,2,0.4
VA,CSP+LDA,4.4,3,0.35
VA,CSP+LDA,4.4,4,0.5333333333333333
VA,CSP+LDA,4.5,0,0.3333333333333333
VA,CSP+LDA,4.5,1,0.5833333333333334
VA,CSP+LDA,4.5,2,0.4
VA,CSP+LDA,4.5,3,0.35
VA,CSP+LDA,4.5,4,0.45
VA,CSP+LDA,4.6,0,0.25
VA,CSP+LDA,4.6,1,0.5833333333333334
VA,CSP+LDA,4.6,2,0.4
VA,CSP+LDA,4.6,3,0.35
VA,CSP+LDA,4.6,4,0.35
VA,CSP+LDA,4.7,0,0.25
VA,CSP+LDA,4.7,1,0.5833333333333334
VA,CSP+LDA,4.7,2,0.4
VA,CSP+LDA,4.7,3,0.35
VA,CSP+LDA,4.7,4,0.45
VA,CSP+LDA,4.8,0,0.16666666666666666
VA,CSP+LDA,4.8,1,0.5833333333333334
VA,CSP+LDA,4.8,2,0.4
VA,CSP+LDA,4.8,3,0.35
VA,CSP+LDA,4.8,4,0.35
VA,CSP+LDA,4.9,0,0.25
VA,CSP+LDA,4.9,1,0.6666666666666666
VA,CSP+LDA,4.9,2,0.4
VA,CSP+LDA,4.9,3,0.35
VA,CSP+LDA,4.9,4,0.45
VA,CSP+LDA,5.0,0,0.25
VA,CSP+LDA,5.0,1,0.75
VA,CSP+LDA,5.0,2,0.3
VA,CSP+LDA,5.0,3,0.35
VA,CSP+LDA,5.0,4,0.45
